"No.","Time","Source","Destination","Protocol","Length","Info"
"1","0.000000000","192.168.45.2","192.168.45.4","IPv4","1514","Fragmented IP protocol (proto=UDP 17, off=0, ID=dd95)"
"2","0.012362000","192.168.45.2","192.168.45.4","IPv4","1514","Fragmented IP protocol (proto=UDP 17, off=0, ID=dd96)"
"3","0.024721000","192.168.45.2","192.168.45.4","IPv4","1514","Fragmented IP protocol (proto=UDP 17, off=0, ID=dd97)"
"4","0.037082000","192.168.45.2","192.168.45.4","IPv4","1514","Fragmented IP protocol (proto=UDP 17, off=0, ID=dd98)"
"5","0.049439000","192.168.45.2","192.168.45.4","IPv4","1514","Fragmented IP protocol (proto=UDP 17, off=0, ID=dd99)"
"6","0.061794000","192.168.45.2","192.168.45.4","IPv4","1514","Fragmented IP protocol (proto=UDP 17, off=0, ID=dd9a)"
"7","0.074155000","192.168.45.2","192.168.45.4","IPv4","1514","Fragmented IP protocol (proto=UDP 17, off=0, ID=dd9b)"
"8","0.086514000","192.168.45.2","192.168.45.4","IPv4","1514","Fragmented IP protocol (proto=UDP 17, off=0, ID=dd9c)"
"9","0.098877000","192.168.45.2","192.168.45.4","IPv4","1514","Fragmented IP protocol (proto=UDP 17, off=0, ID=dd9d)"
"10","0.101878000","192.168.45.2","192.168.45.4","UDP","318","58010  >  54002  Len=276"
"44","0.496918000","192.168.45.2","192.168.45.4","IPv4","1514","Fragmented IP protocol (proto=UDP 17, off=0, ID=ddc0)"
"45","0.509277000","192.168.45.2","192.168.45.4","IPv4","1514","Fragmented IP protocol (proto=UDP 17, off=0, ID=ddc1)"
"46","0.521636000","192.168.45.2","192.168.45.4","IPv4","1514","Fragmented IP protocol (proto=UDP 17, off=0, ID=ddc2)"
"47","0.533990000","192.168.45.2","192.168.45.4","IPv4","1514","Fragmented IP protocol (proto=UDP 17, off=0, ID=ddc3)"
"48","0.546352000","192.168.45.2","192.168.45.4","IPv4","1514","Fragmented IP protocol (proto=UDP 17, off=0, ID=ddc4)"
"49","0.558711000","192.168.45.2","192.168.45.4","IPv4","1514","Fragmented IP protocol (proto=UDP 17, off=0, ID=ddc5)"
"50","0.571071000","192.168.45.2","192.168.45.4","IPv4","1514","Fragmented IP protocol (proto=UDP 17, off=0, ID=ddc6)"
"51","0.583445000","192.168.45.2","192.168.45.4","IPv4","1514","Fragmented IP protocol (proto=UDP 17, off=0, ID=ddc7)"
"52","0.595788000","192.168.45.2","192.168.45.4","IPv4","1514","Fragmented IP protocol (proto=UDP 17, off=0, ID=ddc8)"
"53","0.608146000","192.168.45.2","192.168.45.4","IPv4","1514","Fragmented IP protocol (proto=UDP 17, off=0, ID=ddc9)"
"54","0.620508000","192.168.45.2","192.168.45.4","IPv4","1514","Fragmented IP protocol (proto=UDP 17, off=0, ID=ddca)"
"55","0.632866000","192.168.45.2","192.168.45.4","IPv4","1514","Fragmented IP protocol (proto=UDP 17, off=0, ID=ddcb)"
"56","0.640985000","192.168.45.2","192.168.45.4","UDP","972","58010  >  54002  Len=930"
"106","1.232926000","192.168.45.2","192.168.45.4","IPv4","1514","Fragmented IP protocol (proto=UDP 17, off=0, ID=ddfe)"
"107","1.245287000","192.168.45.2","192.168.45.4","IPv4","1514","Fragmented IP protocol (proto=UDP 17, off=0, ID=ddff)"
"108","1.257645000","192.168.45.2","192.168.45.4","IPv4","1514","Fragmented IP protocol (proto=UDP 17, off=0, ID=de00)"
"109","1.270000000","192.168.45.2","192.168.45.4","IPv4","1514","Fragmented IP protocol (proto=UDP 17, off=0, ID=de01)"
"110","1.282362000","192.168.45.2","192.168.45.4","IPv4","1514","Fragmented IP protocol (proto=UDP 17, off=0, ID=de02)"
"111","1.294722000","192.168.45.2","192.168.45.4","IPv4","1514","Fragmented IP protocol (proto=UDP 17, off=0, ID=de03)"
"112","1.307082000","192.168.45.2","192.168.45.4","IPv4","1514","Fragmented IP protocol (proto=UDP 17, off=0, ID=de04)"
"113","1.319435000","192.168.45.2","192.168.45.4","IPv4","1514","Fragmented IP protocol (proto=UDP 17, off=0, ID=de05)"
"114","1.331794000","192.168.45.2","192.168.45.4","IPv4","1514","Fragmented IP protocol (proto=UDP 17, off=0, ID=de06)"
"115","1.344161000","192.168.45.2","192.168.45.4","IPv4","1514","Fragmented IP protocol (proto=UDP 17, off=0, ID=de07)"
"116","1.356515000","192.168.45.2","192.168.45.4","IPv4","1514","Fragmented IP protocol (proto=UDP 17, off=0, ID=de08)"
"117","1.368867000","192.168.45.2","192.168.45.4","IPv4","1514","Fragmented IP protocol (proto=UDP 17, off=0, ID=de09)"
"118","1.381227000","192.168.45.2","192.168.45.4","IPv4","1514","Fragmented IP protocol (proto=UDP 17, off=0, ID=de0a)"
"119","1.383474000","192.168.45.2","192.168.45.4","UDP","221","58010  >  54002  Len=179"
"133","1.548875000","192.168.45.2","192.168.45.4","IPv4","1514","Fragmented IP protocol (proto=UDP 17, off=0, ID=de19)"
"134","1.561234000","192.168.45.2","192.168.45.4","IPv4","1514","Fragmented IP protocol (proto=UDP 17, off=0, ID=de1a)"
"135","1.573588000","192.168.45.2","192.168.45.4","IPv4","1514","Fragmented IP protocol (proto=UDP 17, off=0, ID=de1b)"
"136","1.585951000","192.168.45.2","192.168.45.4","IPv4","1514","Fragmented IP protocol (proto=UDP 17, off=0, ID=de1c)"
"137","1.598310000","192.168.45.2","192.168.45.4","IPv4","1514","Fragmented IP protocol (proto=UDP 17, off=0, ID=de1d)"
"138","1.610669000","192.168.45.2","192.168.45.4","IPv4","1514","Fragmented IP protocol (proto=UDP 17, off=0, ID=de1e)"
"139","1.623029000","192.168.45.2","192.168.45.4","IPv4","1514","Fragmented IP protocol (proto=UDP 17, off=0, ID=de1f)"
"140","1.635384000","192.168.45.2","192.168.45.4","IPv4","1514","Fragmented IP protocol (proto=UDP 17, off=0, ID=de20)"
"141","1.647745000","192.168.45.2","192.168.45.4","IPv4","1514","Fragmented IP protocol (proto=UDP 17, off=0, ID=de21)"
"142","1.660142000","192.168.45.2","192.168.45.4","IPv4","1514","Fragmented IP protocol (proto=UDP 17, off=0, ID=de22)"
"143","1.672465000","192.168.45.2","192.168.45.4","IPv4","1514","Fragmented IP protocol (proto=UDP 17, off=0, ID=de23)"
"144","1.684825000","192.168.45.2","192.168.45.4","IPv4","1514","Fragmented IP protocol (proto=UDP 17, off=0, ID=de24)"
"145","1.697182000","192.168.45.2","192.168.45.4","IPv4","1514","Fragmented IP protocol (proto=UDP 17, off=0, ID=de25)"
"172","2.010678000","192.168.45.2","192.168.45.4","IPv4","1514","Fragmented IP protocol (proto=UDP 17, off=0, ID=de40)"
"173","2.023051000","192.168.45.2","192.168.45.4","IPv4","1514","Fragmented IP protocol (proto=UDP 17, off=0, ID=de41)"
"174","2.035418000","192.168.45.2","192.168.45.4","IPv4","1514","Fragmented IP protocol (proto=UDP 17, off=0, ID=de42)"
"175","2.047773000","192.168.45.2","192.168.45.4","IPv4","1514","Fragmented IP protocol (proto=UDP 17, off=0, ID=de43)"
"176","2.060141000","192.168.45.2","192.168.45.4","IPv4","1514","Fragmented IP protocol (proto=UDP 17, off=0, ID=de44)"
"177","2.072487000","192.168.45.2","192.168.45.4","IPv4","1514","Fragmented IP protocol (proto=UDP 17, off=0, ID=de45)"
"178","2.084843000","192.168.45.2","192.168.45.4","IPv4","1514","Fragmented IP protocol (proto=UDP 17, off=0, ID=de46)"
"179","2.097203000","192.168.45.2","192.168.45.4","IPv4","1514","Fragmented IP protocol (proto=UDP 17, off=0, ID=de47)"
"180","2.109562000","192.168.45.2","192.168.45.4","IPv4","1514","Fragmented IP protocol (proto=UDP 17, off=0, ID=de48)"
"181","2.121923000","192.168.45.2","192.168.45.4","IPv4","1514","Fragmented IP protocol (proto=UDP 17, off=0, ID=de49)"
"182","2.134277000","192.168.45.2","192.168.45.4","IPv4","1514","Fragmented IP protocol (proto=UDP 17, off=0, ID=de4a)"
"183","2.144079000","192.168.45.2","192.168.45.4","UDP","1187","58010  >  54002  Len=1145"
"184","2.155943000","192.168.45.2","192.168.45.4","IPv4","1514","Fragmented IP protocol (proto=UDP 17, off=0, ID=de4c)"
"185","2.168302000","192.168.45.2","192.168.45.4","IPv4","1514","Fragmented IP protocol (proto=UDP 17, off=0, ID=de4d)"
"186","2.180662000","192.168.45.2","192.168.45.4","IPv4","1514","Fragmented IP protocol (proto=UDP 17, off=0, ID=de4e)"
"187","2.193017000","192.168.45.2","192.168.45.4","IPv4","1514","Fragmented IP protocol (proto=UDP 17, off=0, ID=de4f)"
"188","2.205378000","192.168.45.2","192.168.45.4","IPv4","1514","Fragmented IP protocol (proto=UDP 17, off=0, ID=de50)"
"189","2.217738000","192.168.45.2","192.168.45.4","IPv4","1514","Fragmented IP protocol (proto=UDP 17, off=0, ID=de51)"
"190","2.230098000","192.168.45.2","192.168.45.4","IPv4","1514","Fragmented IP protocol (proto=UDP 17, off=0, ID=de52)"
"191","2.242460000","192.168.45.2","192.168.45.4","IPv4","1514","Fragmented IP protocol (proto=UDP 17, off=0, ID=de53)"
"192","2.254811000","192.168.45.2","192.168.45.4","IPv4","1514","Fragmented IP protocol (proto=UDP 17, off=0, ID=de54)"
"193","2.267172000","192.168.45.2","192.168.45.4","IPv4","1514","Fragmented IP protocol (proto=UDP 17, off=0, ID=de55)"
"194","2.279531000","192.168.45.2","192.168.45.4","IPv4","1514","Fragmented IP protocol (proto=UDP 17, off=0, ID=de56)"
"195","2.291893000","192.168.45.2","192.168.45.4","IPv4","1514","Fragmented IP protocol (proto=UDP 17, off=0, ID=de57)"
"196","2.303755000","192.168.45.2","192.168.45.4","UDP","1451","58010  >  54002  Len=1409"
"197","2.315616000","192.168.45.2","192.168.45.4","IPv4","1514","Fragmented IP protocol (proto=UDP 17, off=0, ID=de59)"
"198","2.327975000","192.168.45.2","192.168.45.4","IPv4","1514","Fragmented IP protocol (proto=UDP 17, off=0, ID=de5a)"
"199","2.340335000","192.168.45.2","192.168.45.4","IPv4","1514","Fragmented IP protocol (proto=UDP 17, off=0, ID=de5b)"
"200","2.352690000","192.168.45.2","192.168.45.4","IPv4","1514","Fragmented IP protocol (proto=UDP 17, off=0, ID=de5c)"
"201","2.365051000","192.168.45.2","192.168.45.4","IPv4","1514","Fragmented IP protocol (proto=UDP 17, off=0, ID=de5d)"
"202","2.377426000","192.168.45.2","192.168.45.4","IPv4","1514","Fragmented IP protocol (proto=UDP 17, off=0, ID=de5e)"
"203","2.389810000","192.168.45.2","192.168.45.4","IPv4","1514","Fragmented IP protocol (proto=UDP 17, off=0, ID=de5f)"
"204","2.402148000","192.168.45.2","192.168.45.4","IPv4","1514","Fragmented IP protocol (proto=UDP 17, off=0, ID=de60)"
"205","2.414486000","192.168.45.2","192.168.45.4","IPv4","1514","Fragmented IP protocol (proto=UDP 17, off=0, ID=de61)"
"206","2.426847000","192.168.45.2","192.168.45.4","IPv4","1514","Fragmented IP protocol (proto=UDP 17, off=0, ID=de62)"
"207","2.439204000","192.168.45.2","192.168.45.4","IPv4","1514","Fragmented IP protocol (proto=UDP 17, off=0, ID=de63)"
"208","2.451567000","192.168.45.2","192.168.45.4","IPv4","1514","Fragmented IP protocol (proto=UDP 17, off=0, ID=de64)"
"209","2.463919000","192.168.45.2","192.168.45.4","IPv4","1514","Fragmented IP protocol (proto=UDP 17, off=0, ID=de65)"
"210","2.476279000","192.168.45.2","192.168.45.4","IPv4","1514","Fragmented IP protocol (proto=UDP 17, off=0, ID=de66)"
"211","2.488641000","192.168.45.2","192.168.45.4","IPv4","1514","Fragmented IP protocol (proto=UDP 17, off=0, ID=de67)"
"212","2.495329000","192.168.45.2","192.168.45.4","UDP","789","58010  >  54002  Len=747"
"213","2.507196000","192.168.45.2","192.168.45.4","IPv4","1514","Fragmented IP protocol (proto=UDP 17, off=0, ID=de69)"
"214","2.519545000","192.168.45.2","192.168.45.4","IPv4","1514","Fragmented IP protocol (proto=UDP 17, off=0, ID=de6a)"
"215","2.531910000","192.168.45.2","192.168.45.4","IPv4","1514","Fragmented IP protocol (proto=UDP 17, off=0, ID=de6b)"
"216","2.544306000","192.168.45.2","192.168.45.4","IPv4","1514","Fragmented IP protocol (proto=UDP 17, off=0, ID=de6c)"
"217","2.556629000","192.168.45.2","192.168.45.4","IPv4","1514","Fragmented IP protocol (proto=UDP 17, off=0, ID=de6d)"
"218","2.568990000","192.168.45.2","192.168.45.4","IPv4","1514","Fragmented IP protocol (proto=UDP 17, off=0, ID=de6e)"
"219","2.581359000","192.168.45.2","192.168.45.4","IPv4","1514","Fragmented IP protocol (proto=UDP 17, off=0, ID=de6f)"
"220","2.593705000","192.168.45.2","192.168.45.4","IPv4","1514","Fragmented IP protocol (proto=UDP 17, off=0, ID=de70)"
"221","2.606064000","192.168.45.2","192.168.45.4","IPv4","1514","Fragmented IP protocol (proto=UDP 17, off=0, ID=de71)"
"222","2.618424000","192.168.45.2","192.168.45.4","IPv4","1514","Fragmented IP protocol (proto=UDP 17, off=0, ID=de72)"
"223","2.630784000","192.168.45.2","192.168.45.4","IPv4","1514","Fragmented IP protocol (proto=UDP 17, off=0, ID=de73)"
"224","2.643140000","192.168.45.2","192.168.45.4","IPv4","1514","Fragmented IP protocol (proto=UDP 17, off=0, ID=de74)"
"225","2.648716000","192.168.45.2","192.168.45.4","UDP","647","58010  >  54002  Len=605"
"239","2.816329000","192.168.45.2","192.168.45.4","IPv4","1514","Fragmented IP protocol (proto=UDP 17, off=0, ID=de83)"
"240","2.828689000","192.168.45.2","192.168.45.4","IPv4","1514","Fragmented IP protocol (proto=UDP 17, off=0, ID=de84)"
"241","2.841049000","192.168.45.2","192.168.45.4","IPv4","1514","Fragmented IP protocol (proto=UDP 17, off=0, ID=de85)"
"242","2.853413000","192.168.45.2","192.168.45.4","IPv4","1514","Fragmented IP protocol (proto=UDP 17, off=0, ID=de86)"
"243","2.865749000","192.168.45.2","192.168.45.4","IPv4","1514","Fragmented IP protocol (proto=UDP 17, off=0, ID=de87)"
"244","2.878114000","192.168.45.2","192.168.45.4","IPv4","1514","Fragmented IP protocol (proto=UDP 17, off=0, ID=de88)"
"245","2.890496000","192.168.45.2","192.168.45.4","IPv4","1514","Fragmented IP protocol (proto=UDP 17, off=0, ID=de89)"
"246","2.902843000","192.168.45.2","192.168.45.4","IPv4","1514","Fragmented IP protocol (proto=UDP 17, off=0, ID=de8a)"
"247","2.915199000","192.168.45.2","192.168.45.4","IPv4","1514","Fragmented IP protocol (proto=UDP 17, off=0, ID=de8b)"
"248","2.927558000","192.168.45.2","192.168.45.4","IPv4","1514","Fragmented IP protocol (proto=UDP 17, off=0, ID=de8c)"
"249","2.931366000","192.168.45.2","192.168.45.4","UDP","421","58010  >  54002  Len=379"
"263","3.097855000","192.168.45.2","192.168.45.4","IPv4","1514","Fragmented IP protocol (proto=UDP 17, off=0, ID=de9b)"
"264","3.110214000","192.168.45.2","192.168.45.4","IPv4","1514","Fragmented IP protocol (proto=UDP 17, off=0, ID=de9c)"
"265","3.122577000","192.168.45.2","192.168.45.4","IPv4","1514","Fragmented IP protocol (proto=UDP 17, off=0, ID=de9d)"
"266","3.134938000","192.168.45.2","192.168.45.4","IPv4","1514","Fragmented IP protocol (proto=UDP 17, off=0, ID=de9e)"
"267","3.147291000","192.168.45.2","192.168.45.4","IPv4","1514","Fragmented IP protocol (proto=UDP 17, off=0, ID=de9f)"
"268","3.159650000","192.168.45.2","192.168.45.4","IPv4","1514","Fragmented IP protocol (proto=UDP 17, off=0, ID=dea0)"
"269","3.172010000","192.168.45.2","192.168.45.4","IPv4","1514","Fragmented IP protocol (proto=UDP 17, off=0, ID=dea1)"
"270","3.184370000","192.168.45.2","192.168.45.4","IPv4","1514","Fragmented IP protocol (proto=UDP 17, off=0, ID=dea2)"
"271","3.196731000","192.168.45.2","192.168.45.4","IPv4","1514","Fragmented IP protocol (proto=UDP 17, off=0, ID=dea3)"
"272","3.209084000","192.168.45.2","192.168.45.4","IPv4","1514","Fragmented IP protocol (proto=UDP 17, off=0, ID=dea4)"
"273","3.221446000","192.168.45.2","192.168.45.4","IPv4","1514","Fragmented IP protocol (proto=UDP 17, off=0, ID=dea5)"
"274","3.233807000","192.168.45.2","192.168.45.4","IPv4","1514","Fragmented IP protocol (proto=UDP 17, off=0, ID=dea6)"
"275","3.246166000","192.168.45.2","192.168.45.4","IPv4","1514","Fragmented IP protocol (proto=UDP 17, off=0, ID=dea7)"
"276","3.258522000","192.168.45.2","192.168.45.4","IPv4","1514","Fragmented IP protocol (proto=UDP 17, off=0, ID=dea8)"
"277","3.270881000","192.168.45.2","192.168.45.4","IPv4","1514","Fragmented IP protocol (proto=UDP 17, off=0, ID=dea9)"
"278","3.276615000","192.168.45.2","192.168.45.4","UDP","667","58010  >  54002  Len=625"
"279","3.288484000","192.168.45.2","192.168.45.4","IPv4","1514","Fragmented IP protocol (proto=UDP 17, off=0, ID=deab)"
"280","3.300843000","192.168.45.2","192.168.45.4","IPv4","1514","Fragmented IP protocol (proto=UDP 17, off=0, ID=deac)"
"281","3.313198000","192.168.45.2","192.168.45.4","IPv4","1514","Fragmented IP protocol (proto=UDP 17, off=0, ID=dead)"
"282","3.325560000","192.168.45.2","192.168.45.4","IPv4","1514","Fragmented IP protocol (proto=UDP 17, off=0, ID=deae)"
"283","3.337920000","192.168.45.2","192.168.45.4","IPv4","1514","Fragmented IP protocol (proto=UDP 17, off=0, ID=deaf)"
"284","3.350281000","192.168.45.2","192.168.45.4","IPv4","1514","Fragmented IP protocol (proto=UDP 17, off=0, ID=deb0)"
"285","3.362644000","192.168.45.2","192.168.45.4","IPv4","1514","Fragmented IP protocol (proto=UDP 17, off=0, ID=deb1)"
"286","3.374979000","192.168.45.2","192.168.45.4","IPv4","1514","Fragmented IP protocol (proto=UDP 17, off=0, ID=deb2)"
"287","3.387365000","192.168.45.2","192.168.45.4","IPv4","1514","Fragmented IP protocol (proto=UDP 17, off=0, ID=deb3)"
"288","3.399713000","192.168.45.2","192.168.45.4","IPv4","1514","Fragmented IP protocol (proto=UDP 17, off=0, ID=deb4)"
"289","3.412073000","192.168.45.2","192.168.45.4","IPv4","1514","Fragmented IP protocol (proto=UDP 17, off=0, ID=deb5)"
"290","3.424428000","192.168.45.2","192.168.45.4","IPv4","1514","Fragmented IP protocol (proto=UDP 17, off=0, ID=deb6)"
"291","3.428553000","192.168.45.2","192.168.45.4","UDP","461","58010  >  54002  Len=419"
"292","3.440426000","192.168.45.2","192.168.45.4","IPv4","1514","Fragmented IP protocol (proto=UDP 17, off=0, ID=deb8)"
"293","3.452780000","192.168.45.2","192.168.45.4","IPv4","1514","Fragmented IP protocol (proto=UDP 17, off=0, ID=deb9)"
"294","3.465139000","192.168.45.2","192.168.45.4","IPv4","1514","Fragmented IP protocol (proto=UDP 17, off=0, ID=deba)"
"295","3.477499000","192.168.45.2","192.168.45.4","IPv4","1514","Fragmented IP protocol (proto=UDP 17, off=0, ID=debb)"
"296","3.489859000","192.168.45.2","192.168.45.4","IPv4","1514","Fragmented IP protocol (proto=UDP 17, off=0, ID=debc)"
"297","3.502216000","192.168.45.2","192.168.45.4","IPv4","1514","Fragmented IP protocol (proto=UDP 17, off=0, ID=debd)"
"298","3.514574000","192.168.45.2","192.168.45.4","IPv4","1514","Fragmented IP protocol (proto=UDP 17, off=0, ID=debe)"
"299","3.526934000","192.168.45.2","192.168.45.4","IPv4","1514","Fragmented IP protocol (proto=UDP 17, off=0, ID=debf)"
"300","3.539294000","192.168.45.2","192.168.45.4","IPv4","1514","Fragmented IP protocol (proto=UDP 17, off=0, ID=dec0)"
"301","3.551653000","192.168.45.2","192.168.45.4","IPv4","1514","Fragmented IP protocol (proto=UDP 17, off=0, ID=dec1)"
"302","3.555981000","192.168.45.2","192.168.45.4","UDP","488","58010  >  54002  Len=446"
"314","3.696755000","192.168.45.2","192.168.45.4","IPv4","1514","Fragmented IP protocol (proto=UDP 17, off=0, ID=dece)"
"315","3.709114000","192.168.45.2","192.168.45.4","IPv4","1514","Fragmented IP protocol (proto=UDP 17, off=0, ID=decf)"
"316","3.721475000","192.168.45.2","192.168.45.4","IPv4","1514","Fragmented IP protocol (proto=UDP 17, off=0, ID=ded0)"
"317","3.733831000","192.168.45.2","192.168.45.4","IPv4","1514","Fragmented IP protocol (proto=UDP 17, off=0, ID=ded1)"
"318","3.746191000","192.168.45.2","192.168.45.4","IPv4","1514","Fragmented IP protocol (proto=UDP 17, off=0, ID=ded2)"
"319","3.758550000","192.168.45.2","192.168.45.4","IPv4","1514","Fragmented IP protocol (proto=UDP 17, off=0, ID=ded3)"
"320","3.770909000","192.168.45.2","192.168.45.4","IPv4","1514","Fragmented IP protocol (proto=UDP 17, off=0, ID=ded4)"
"321","3.783265000","192.168.45.2","192.168.45.4","IPv4","1514","Fragmented IP protocol (proto=UDP 17, off=0, ID=ded5)"
"322","3.795625000","192.168.45.2","192.168.45.4","IPv4","1514","Fragmented IP protocol (proto=UDP 17, off=0, ID=ded6)"
"323","3.807984000","192.168.45.2","192.168.45.4","IPv4","1514","Fragmented IP protocol (proto=UDP 17, off=0, ID=ded7)"
"324","3.820344000","192.168.45.2","192.168.45.4","IPv4","1514","Fragmented IP protocol (proto=UDP 17, off=0, ID=ded8)"
"325","3.832704000","192.168.45.2","192.168.45.4","IPv4","1514","Fragmented IP protocol (proto=UDP 17, off=0, ID=ded9)"
"326","3.842959000","192.168.45.2","192.168.45.4","UDP","1245","58010  >  54002  Len=1203"
"327","3.854811000","192.168.45.2","192.168.45.4","IPv4","1514","Fragmented IP protocol (proto=UDP 17, off=0, ID=dedb)"
"328","3.867179000","192.168.45.2","192.168.45.4","IPv4","1514","Fragmented IP protocol (proto=UDP 17, off=0, ID=dedc)"
"329","3.879552000","192.168.45.2","192.168.45.4","IPv4","1514","Fragmented IP protocol (proto=UDP 17, off=0, ID=dedd)"
"330","3.891892000","192.168.45.2","192.168.45.4","IPv4","1514","Fragmented IP protocol (proto=UDP 17, off=0, ID=dede)"
"331","3.904255000","192.168.45.2","192.168.45.4","IPv4","1514","Fragmented IP protocol (proto=UDP 17, off=0, ID=dedf)"
"332","3.916611000","192.168.45.2","192.168.45.4","IPv4","1514","Fragmented IP protocol (proto=UDP 17, off=0, ID=dee0)"
"333","3.928970000","192.168.45.2","192.168.45.4","IPv4","1514","Fragmented IP protocol (proto=UDP 17, off=0, ID=dee1)"
"334","3.941331000","192.168.45.2","192.168.45.4","IPv4","1514","Fragmented IP protocol (proto=UDP 17, off=0, ID=dee2)"
"335","3.953698000","192.168.45.2","192.168.45.4","IPv4","1514","Fragmented IP protocol (proto=UDP 17, off=0, ID=dee3)"
"336","3.966050000","192.168.45.2","192.168.45.4","IPv4","1514","Fragmented IP protocol (proto=UDP 17, off=0, ID=dee4)"
"337","3.978407000","192.168.45.2","192.168.45.4","IPv4","1514","Fragmented IP protocol (proto=UDP 17, off=0, ID=dee5)"
"338","3.979461000","192.168.45.2","192.168.45.4","UDP","69","58010  >  54002  Len=27"
"339","3.991336000","192.168.45.2","192.168.45.4","IPv4","1514","Fragmented IP protocol (proto=UDP 17, off=0, ID=dee7)"
"340","4.003695000","192.168.45.2","192.168.45.4","IPv4","1514","Fragmented IP protocol (proto=UDP 17, off=0, ID=dee8)"
"341","4.016057000","192.168.45.2","192.168.45.4","IPv4","1514","Fragmented IP protocol (proto=UDP 17, off=0, ID=dee9)"
"342","4.028410000","192.168.45.2","192.168.45.4","IPv4","1514","Fragmented IP protocol (proto=UDP 17, off=0, ID=deea)"
"343","4.040771000","192.168.45.2","192.168.45.4","IPv4","1514","Fragmented IP protocol (proto=UDP 17, off=0, ID=deeb)"
"344","4.053130000","192.168.45.2","192.168.45.4","IPv4","1514","Fragmented IP protocol (proto=UDP 17, off=0, ID=deec)"
"345","4.065493000","192.168.45.2","192.168.45.4","IPv4","1514","Fragmented IP protocol (proto=UDP 17, off=0, ID=deed)"
"346","4.077851000","192.168.45.2","192.168.45.4","IPv4","1514","Fragmented IP protocol (proto=UDP 17, off=0, ID=deee)"
"347","4.090207000","192.168.45.2","192.168.45.4","IPv4","1514","Fragmented IP protocol (proto=UDP 17, off=0, ID=deef)"
"348","4.102565000","192.168.45.2","192.168.45.4","IPv4","1514","Fragmented IP protocol (proto=UDP 17, off=0, ID=def0)"
"349","4.114925000","192.168.45.2","192.168.45.4","IPv4","1514","Fragmented IP protocol (proto=UDP 17, off=0, ID=def1)"
"350","4.127284000","192.168.45.2","192.168.45.4","IPv4","1514","Fragmented IP protocol (proto=UDP 17, off=0, ID=def2)"
"351","4.136615000","192.168.45.2","192.168.45.4","UDP","1127","58010  >  54002  Len=1085"
"352","4.148478000","192.168.45.2","192.168.45.4","IPv4","1514","Fragmented IP protocol (proto=UDP 17, off=0, ID=def4)"
"353","4.160839000","192.168.45.2","192.168.45.4","IPv4","1514","Fragmented IP protocol (proto=UDP 17, off=0, ID=def5)"
"354","4.173194000","192.168.45.2","192.168.45.4","IPv4","1514","Fragmented IP protocol (proto=UDP 17, off=0, ID=def6)"
"355","4.185554000","192.168.45.2","192.168.45.4","IPv4","1514","Fragmented IP protocol (proto=UDP 17, off=0, ID=def7)"
"356","4.197915000","192.168.45.2","192.168.45.4","IPv4","1514","Fragmented IP protocol (proto=UDP 17, off=0, ID=def8)"
"357","4.210316000","192.168.45.2","192.168.45.4","IPv4","1514","Fragmented IP protocol (proto=UDP 17, off=0, ID=def9)"
"358","4.222625000","192.168.45.2","192.168.45.4","IPv4","1514","Fragmented IP protocol (proto=UDP 17, off=0, ID=defa)"
"359","4.234989000","192.168.45.2","192.168.45.4","IPv4","1514","Fragmented IP protocol (proto=UDP 17, off=0, ID=defb)"
"360","4.247349000","192.168.45.2","192.168.45.4","IPv4","1514","Fragmented IP protocol (proto=UDP 17, off=0, ID=defc)"
"361","4.259711000","192.168.45.2","192.168.45.4","IPv4","1514","Fragmented IP protocol (proto=UDP 17, off=0, ID=defd)"
"362","4.272069000","192.168.45.2","192.168.45.4","IPv4","1514","Fragmented IP protocol (proto=UDP 17, off=0, ID=defe)"
"363","4.284423000","192.168.45.2","192.168.45.4","IPv4","1514","Fragmented IP protocol (proto=UDP 17, off=0, ID=deff)"
"364","4.296784000","192.168.45.2","192.168.45.4","IPv4","1514","Fragmented IP protocol (proto=UDP 17, off=0, ID=df00)"
"365","4.300844000","192.168.45.2","192.168.45.4","UDP","453","58010  >  54002  Len=411"
"366","4.312715000","192.168.45.2","192.168.45.4","IPv4","1514","Fragmented IP protocol (proto=UDP 17, off=0, ID=df02)"
"367","4.325071000","192.168.45.2","192.168.45.4","IPv4","1514","Fragmented IP protocol (proto=UDP 17, off=0, ID=df03)"
"368","4.337431000","192.168.45.2","192.168.45.4","IPv4","1514","Fragmented IP protocol (proto=UDP 17, off=0, ID=df04)"
"369","4.349791000","192.168.45.2","192.168.45.4","IPv4","1514","Fragmented IP protocol (proto=UDP 17, off=0, ID=df05)"
"370","4.362152000","192.168.45.2","192.168.45.4","IPv4","1514","Fragmented IP protocol (proto=UDP 17, off=0, ID=df06)"
"371","4.374501000","192.168.45.2","192.168.45.4","IPv4","1514","Fragmented IP protocol (proto=UDP 17, off=0, ID=df07)"
"372","4.386877000","192.168.45.2","192.168.45.4","IPv4","1514","Fragmented IP protocol (proto=UDP 17, off=0, ID=df08)"
"373","4.399220000","192.168.45.2","192.168.45.4","IPv4","1514","Fragmented IP protocol (proto=UDP 17, off=0, ID=df09)"
"374","4.411585000","192.168.45.2","192.168.45.4","IPv4","1514","Fragmented IP protocol (proto=UDP 17, off=0, ID=df0a)"
"375","4.423945000","192.168.45.2","192.168.45.4","IPv4","1514","Fragmented IP protocol (proto=UDP 17, off=0, ID=df0b)"
"376","4.436301000","192.168.45.2","192.168.45.4","IPv4","1514","Fragmented IP protocol (proto=UDP 17, off=0, ID=df0c)"
"377","4.448661000","192.168.45.2","192.168.45.4","IPv4","1514","Fragmented IP protocol (proto=UDP 17, off=0, ID=df0d)"
"378","4.457907000","192.168.45.2","192.168.45.4","UDP","1116","58010  >  54002  Len=1074"
"417","4.923697000","192.168.45.2","192.168.45.4","IPv4","1514","Fragmented IP protocol (proto=UDP 17, off=0, ID=df35)"
"418","4.936056000","192.168.45.2","192.168.45.4","IPv4","1514","Fragmented IP protocol (proto=UDP 17, off=0, ID=df36)"
"419","4.948417000","192.168.45.2","192.168.45.4","IPv4","1514","Fragmented IP protocol (proto=UDP 17, off=0, ID=df37)"
"420","4.960771000","192.168.45.2","192.168.45.4","IPv4","1514","Fragmented IP protocol (proto=UDP 17, off=0, ID=df38)"
"421","4.973131000","192.168.45.2","192.168.45.4","IPv4","1514","Fragmented IP protocol (proto=UDP 17, off=0, ID=df39)"
"422","4.985491000","192.168.45.2","192.168.45.4","IPv4","1514","Fragmented IP protocol (proto=UDP 17, off=0, ID=df3a)"
"423","4.997856000","192.168.45.2","192.168.45.4","IPv4","1514","Fragmented IP protocol (proto=UDP 17, off=0, ID=df3b)"
"424","5.010210000","192.168.45.2","192.168.45.4","IPv4","1514","Fragmented IP protocol (proto=UDP 17, off=0, ID=df3c)"
"425","5.022570000","192.168.45.2","192.168.45.4","IPv4","1514","Fragmented IP protocol (proto=UDP 17, off=0, ID=df3d)"
"426","5.034933000","192.168.45.2","192.168.45.4","IPv4","1514","Fragmented IP protocol (proto=UDP 17, off=0, ID=df3e)"
"427","5.047286000","192.168.45.2","192.168.45.4","IPv4","1514","Fragmented IP protocol (proto=UDP 17, off=0, ID=df3f)"
"428","5.059648000","192.168.45.2","192.168.45.4","IPv4","1514","Fragmented IP protocol (proto=UDP 17, off=0, ID=df40)"
"429","5.068923000","192.168.45.2","192.168.45.4","UDP","1120","58010  >  54002  Len=1078"
"430","5.080785000","192.168.45.2","192.168.45.4","IPv4","1514","Fragmented IP protocol (proto=UDP 17, off=0, ID=df42)"
"431","5.093140000","192.168.45.2","192.168.45.4","IPv4","1514","Fragmented IP protocol (proto=UDP 17, off=0, ID=df43)"
"432","5.105504000","192.168.45.2","192.168.45.4","IPv4","1514","Fragmented IP protocol (proto=UDP 17, off=0, ID=df44)"
"433","5.117861000","192.168.45.2","192.168.45.4","IPv4","1514","Fragmented IP protocol (proto=UDP 17, off=0, ID=df45)"
"434","5.130220000","192.168.45.2","192.168.45.4","IPv4","1514","Fragmented IP protocol (proto=UDP 17, off=0, ID=df46)"
"435","5.142579000","192.168.45.2","192.168.45.4","IPv4","1514","Fragmented IP protocol (proto=UDP 17, off=0, ID=df47)"
"436","5.154935000","192.168.45.2","192.168.45.4","IPv4","1514","Fragmented IP protocol (proto=UDP 17, off=0, ID=df48)"
"437","5.167297000","192.168.45.2","192.168.45.4","IPv4","1514","Fragmented IP protocol (proto=UDP 17, off=0, ID=df49)"
"438","5.179657000","192.168.45.2","192.168.45.4","IPv4","1514","Fragmented IP protocol (proto=UDP 17, off=0, ID=df4a)"
"439","5.192016000","192.168.45.2","192.168.45.4","IPv4","1514","Fragmented IP protocol (proto=UDP 17, off=0, ID=df4b)"
"440","5.204371000","192.168.45.2","192.168.45.4","IPv4","1514","Fragmented IP protocol (proto=UDP 17, off=0, ID=df4c)"
"441","5.205531000","192.168.45.2","192.168.45.4","UDP","82","58010  >  54002  Len=40"
"442","5.217404000","192.168.45.2","192.168.45.4","IPv4","1514","Fragmented IP protocol (proto=UDP 17, off=0, ID=df4e)"
"443","5.229759000","192.168.45.2","192.168.45.4","IPv4","1514","Fragmented IP protocol (proto=UDP 17, off=0, ID=df4f)"
"444","5.242119000","192.168.45.2","192.168.45.4","IPv4","1514","Fragmented IP protocol (proto=UDP 17, off=0, ID=df50)"
"445","5.254479000","192.168.45.2","192.168.45.4","IPv4","1514","Fragmented IP protocol (proto=UDP 17, off=0, ID=df51)"
"446","5.266839000","192.168.45.2","192.168.45.4","IPv4","1514","Fragmented IP protocol (proto=UDP 17, off=0, ID=df52)"
"447","5.279200000","192.168.45.2","192.168.45.4","IPv4","1514","Fragmented IP protocol (proto=UDP 17, off=0, ID=df53)"
"448","5.291556000","192.168.45.2","192.168.45.4","IPv4","1514","Fragmented IP protocol (proto=UDP 17, off=0, ID=df54)"
"449","5.303916000","192.168.45.2","192.168.45.4","IPv4","1514","Fragmented IP protocol (proto=UDP 17, off=0, ID=df55)"
"450","5.316274000","192.168.45.2","192.168.45.4","IPv4","1514","Fragmented IP protocol (proto=UDP 17, off=0, ID=df56)"
"451","5.328633000","192.168.45.2","192.168.45.4","IPv4","1514","Fragmented IP protocol (proto=UDP 17, off=0, ID=df57)"
"452","5.340990000","192.168.45.2","192.168.45.4","IPv4","1514","Fragmented IP protocol (proto=UDP 17, off=0, ID=df58)"
"453","5.353350000","192.168.45.2","192.168.45.4","IPv4","1514","Fragmented IP protocol (proto=UDP 17, off=0, ID=df59)"
"454","5.362625000","192.168.45.2","192.168.45.4","UDP","1120","58010  >  54002  Len=1078"
"468","5.533071000","192.168.45.2","192.168.45.4","IPv4","1514","Fragmented IP protocol (proto=UDP 17, off=0, ID=df68)"
"469","5.545430000","192.168.45.2","192.168.45.4","IPv4","1514","Fragmented IP protocol (proto=UDP 17, off=0, ID=df69)"
"470","5.557785000","192.168.45.2","192.168.45.4","IPv4","1514","Fragmented IP protocol (proto=UDP 17, off=0, ID=df6a)"
"471","5.570145000","192.168.45.2","192.168.45.4","IPv4","1514","Fragmented IP protocol (proto=UDP 17, off=0, ID=df6b)"
"472","5.582506000","192.168.45.2","192.168.45.4","IPv4","1514","Fragmented IP protocol (proto=UDP 17, off=0, ID=df6c)"
"473","5.594865000","192.168.45.2","192.168.45.4","IPv4","1514","Fragmented IP protocol (proto=UDP 17, off=0, ID=df6d)"
"474","5.607228000","192.168.45.2","192.168.45.4","IPv4","1514","Fragmented IP protocol (proto=UDP 17, off=0, ID=df6e)"
"475","5.619581000","192.168.45.2","192.168.45.4","IPv4","1514","Fragmented IP protocol (proto=UDP 17, off=0, ID=df6f)"
"476","5.631941000","192.168.45.2","192.168.45.4","IPv4","1514","Fragmented IP protocol (proto=UDP 17, off=0, ID=df70)"
"477","5.644300000","192.168.45.2","192.168.45.4","IPv4","1514","Fragmented IP protocol (proto=UDP 17, off=0, ID=df71)"
"478","5.646302000","192.168.45.2","192.168.45.4","UDP","190","58010  >  54002  Len=148"
"495","5.848196000","192.168.45.2","192.168.45.4","IPv4","1514","Fragmented IP protocol (proto=UDP 17, off=0, ID=df83)"
"496","5.860555000","192.168.45.2","192.168.45.4","IPv4","1514","Fragmented IP protocol (proto=UDP 17, off=0, ID=df84)"
"497","5.872917000","192.168.45.2","192.168.45.4","IPv4","1514","Fragmented IP protocol (proto=UDP 17, off=0, ID=df85)"
"498","5.885280000","192.168.45.2","192.168.45.4","IPv4","1514","Fragmented IP protocol (proto=UDP 17, off=0, ID=df86)"
"499","5.897619000","192.168.45.2","192.168.45.4","IPv4","1514","Fragmented IP protocol (proto=UDP 17, off=0, ID=df87)"
"500","5.910006000","192.168.45.2","192.168.45.4","IPv4","1514","Fragmented IP protocol (proto=UDP 17, off=0, ID=df88)"
"501","5.922351000","192.168.45.2","192.168.45.4","IPv4","1514","Fragmented IP protocol (proto=UDP 17, off=0, ID=df89)"
"502","5.934710000","192.168.45.2","192.168.45.4","IPv4","1514","Fragmented IP protocol (proto=UDP 17, off=0, ID=df8a)"
"503","5.947070000","192.168.45.2","192.168.45.4","IPv4","1514","Fragmented IP protocol (proto=UDP 17, off=0, ID=df8b)"
"504","5.959425000","192.168.45.2","192.168.45.4","IPv4","1514","Fragmented IP protocol (proto=UDP 17, off=0, ID=df8c)"
"505","5.971786000","192.168.45.2","192.168.45.4","IPv4","1514","Fragmented IP protocol (proto=UDP 17, off=0, ID=df8d)"
"506","5.984146000","192.168.45.2","192.168.45.4","IPv4","1514","Fragmented IP protocol (proto=UDP 17, off=0, ID=df8e)"
"507","5.996505000","192.168.45.2","192.168.45.4","IPv4","1514","Fragmented IP protocol (proto=UDP 17, off=0, ID=df8f)"
"508","6.001629000","192.168.45.2","192.168.45.4","UDP","589","58010  >  54002  Len=547"
"509","6.013508000","192.168.45.2","192.168.45.4","IPv4","1514","Fragmented IP protocol (proto=UDP 17, off=0, ID=df91)"
"510","6.025853000","192.168.45.2","192.168.45.4","IPv4","1514","Fragmented IP protocol (proto=UDP 17, off=0, ID=df92)"
"511","6.038212000","192.168.45.2","192.168.45.4","IPv4","1514","Fragmented IP protocol (proto=UDP 17, off=0, ID=df93)"
"512","6.050574000","192.168.45.2","192.168.45.4","IPv4","1514","Fragmented IP protocol (proto=UDP 17, off=0, ID=df94)"
"513","6.062933000","192.168.45.2","192.168.45.4","IPv4","1514","Fragmented IP protocol (proto=UDP 17, off=0, ID=df95)"
"514","6.075288000","192.168.45.2","192.168.45.4","IPv4","1514","Fragmented IP protocol (proto=UDP 17, off=0, ID=df96)"
"515","6.087648000","192.168.45.2","192.168.45.4","IPv4","1514","Fragmented IP protocol (proto=UDP 17, off=0, ID=df97)"
"516","6.100007000","192.168.45.2","192.168.45.4","IPv4","1514","Fragmented IP protocol (proto=UDP 17, off=0, ID=df98)"
"517","6.112370000","192.168.45.2","192.168.45.4","IPv4","1514","Fragmented IP protocol (proto=UDP 17, off=0, ID=df99)"
"518","6.124723000","192.168.45.2","192.168.45.4","IPv4","1514","Fragmented IP protocol (proto=UDP 17, off=0, ID=df9a)"
"519","6.137083000","192.168.45.2","192.168.45.4","IPv4","1514","Fragmented IP protocol (proto=UDP 17, off=0, ID=df9b)"
"520","6.149442000","192.168.45.2","192.168.45.4","IPv4","1514","Fragmented IP protocol (proto=UDP 17, off=0, ID=df9c)"
"521","6.154260000","192.168.45.2","192.168.45.4","UDP","550","58010  >  54002  Len=508"
"547","6.459252000","192.168.45.2","192.168.45.4","IPv4","1514","Fragmented IP protocol (proto=UDP 17, off=0, ID=dfb7)"
"548","6.471612000","192.168.45.2","192.168.45.4","IPv4","1514","Fragmented IP protocol (proto=UDP 17, off=0, ID=dfb8)"
"549","6.483968000","192.168.45.2","192.168.45.4","IPv4","1514","Fragmented IP protocol (proto=UDP 17, off=0, ID=dfb9)"
"550","6.496326000","192.168.45.2","192.168.45.4","IPv4","1514","Fragmented IP protocol (proto=UDP 17, off=0, ID=dfba)"
"551","6.508686000","192.168.45.2","192.168.45.4","IPv4","1514","Fragmented IP protocol (proto=UDP 17, off=0, ID=dfbb)"
"552","6.521046000","192.168.45.2","192.168.45.4","IPv4","1514","Fragmented IP protocol (proto=UDP 17, off=0, ID=dfbc)"
"553","6.533407000","192.168.45.2","192.168.45.4","IPv4","1514","Fragmented IP protocol (proto=UDP 17, off=0, ID=dfbd)"
"554","6.545761000","192.168.45.2","192.168.45.4","IPv4","1514","Fragmented IP protocol (proto=UDP 17, off=0, ID=dfbe)"
"555","6.558121000","192.168.45.2","192.168.45.4","IPv4","1514","Fragmented IP protocol (proto=UDP 17, off=0, ID=dfbf)"
"556","6.570482000","192.168.45.2","192.168.45.4","IPv4","1514","Fragmented IP protocol (proto=UDP 17, off=0, ID=dfc0)"
"557","6.578515000","192.168.45.2","192.168.45.4","UDP","959","58010  >  54002  Len=917"
"572","6.756646000","192.168.45.2","192.168.45.4","IPv4","1514","Fragmented IP protocol (proto=UDP 17, off=0, ID=dfd0)"
"573","6.769010000","192.168.45.2","192.168.45.4","IPv4","1514","Fragmented IP protocol (proto=UDP 17, off=0, ID=dfd1)"
"574","6.781366000","192.168.45.2","192.168.45.4","IPv4","1514","Fragmented IP protocol (proto=UDP 17, off=0, ID=dfd2)"
"575","6.793719000","192.168.45.2","192.168.45.4","IPv4","1514","Fragmented IP protocol (proto=UDP 17, off=0, ID=dfd3)"
"576","6.806081000","192.168.45.2","192.168.45.4","IPv4","1514","Fragmented IP protocol (proto=UDP 17, off=0, ID=dfd4)"
"577","6.818439000","192.168.45.2","192.168.45.4","IPv4","1514","Fragmented IP protocol (proto=UDP 17, off=0, ID=dfd5)"
"578","6.830799000","192.168.45.2","192.168.45.4","IPv4","1514","Fragmented IP protocol (proto=UDP 17, off=0, ID=dfd6)"
"579","6.843155000","192.168.45.2","192.168.45.4","IPv4","1514","Fragmented IP protocol (proto=UDP 17, off=0, ID=dfd7)"
"580","6.855503000","192.168.45.2","192.168.45.4","IPv4","1514","Fragmented IP protocol (proto=UDP 17, off=0, ID=dfd8)"
"581","6.867874000","192.168.45.2","192.168.45.4","IPv4","1514","Fragmented IP protocol (proto=UDP 17, off=0, ID=dfd9)"
"582","6.880237000","192.168.45.2","192.168.45.4","IPv4","1514","Fragmented IP protocol (proto=UDP 17, off=0, ID=dfda)"
"583","6.892602000","192.168.45.2","192.168.45.4","IPv4","1514","Fragmented IP protocol (proto=UDP 17, off=0, ID=dfdb)"
"584","6.904939000","192.168.45.2","192.168.45.4","IPv4","1514","Fragmented IP protocol (proto=UDP 17, off=0, ID=dfdc)"
"585","6.917321000","192.168.45.2","192.168.45.4","IPv4","1514","Fragmented IP protocol (proto=UDP 17, off=0, ID=dfdd)"
"586","6.929675000","192.168.45.2","192.168.45.4","IPv4","1514","Fragmented IP protocol (proto=UDP 17, off=0, ID=dfde)"
"587","6.935938000","192.168.45.2","192.168.45.4","UDP","735","58010  >  54002  Len=693"
"639","7.556533000","192.168.45.2","192.168.45.4","IPv4","1514","Fragmented IP protocol (proto=UDP 17, off=0, ID=e013)"
"640","7.568891000","192.168.45.2","192.168.45.4","IPv4","1514","Fragmented IP protocol (proto=UDP 17, off=0, ID=e014)"
"641","7.581252000","192.168.45.2","192.168.45.4","IPv4","1514","Fragmented IP protocol (proto=UDP 17, off=0, ID=e015)"
"642","7.593612000","192.168.45.2","192.168.45.4","IPv4","1514","Fragmented IP protocol (proto=UDP 17, off=0, ID=e016)"
"643","7.605968000","192.168.45.2","192.168.45.4","IPv4","1514","Fragmented IP protocol (proto=UDP 17, off=0, ID=e017)"
"644","7.618326000","192.168.45.2","192.168.45.4","IPv4","1514","Fragmented IP protocol (proto=UDP 17, off=0, ID=e018)"
"645","7.630688000","192.168.45.2","192.168.45.4","IPv4","1514","Fragmented IP protocol (proto=UDP 17, off=0, ID=e019)"
"646","7.643048000","192.168.45.2","192.168.45.4","IPv4","1514","Fragmented IP protocol (proto=UDP 17, off=0, ID=e01a)"
"647","7.655408000","192.168.45.2","192.168.45.4","IPv4","1514","Fragmented IP protocol (proto=UDP 17, off=0, ID=e01b)"
"648","7.667762000","192.168.45.2","192.168.45.4","IPv4","1514","Fragmented IP protocol (proto=UDP 17, off=0, ID=e01c)"
"649","7.680122000","192.168.45.2","192.168.45.4","IPv4","1514","Fragmented IP protocol (proto=UDP 17, off=0, ID=e01d)"
"650","7.692481000","192.168.45.2","192.168.45.4","IPv4","1514","Fragmented IP protocol (proto=UDP 17, off=0, ID=e01e)"
"651","7.698331000","192.168.45.2","192.168.45.4","UDP","682","58010  >  54002  Len=640"
"652","7.710191000","192.168.45.2","192.168.45.4","IPv4","1514","Fragmented IP protocol (proto=UDP 17, off=0, ID=e020)"
"653","7.722571000","192.168.45.2","192.168.45.4","IPv4","1514","Fragmented IP protocol (proto=UDP 17, off=0, ID=e021)"
"654","7.734919000","192.168.45.2","192.168.45.4","IPv4","1514","Fragmented IP protocol (proto=UDP 17, off=0, ID=e022)"
"655","7.747274000","192.168.45.2","192.168.45.4","IPv4","1514","Fragmented IP protocol (proto=UDP 17, off=0, ID=e023)"
"656","7.759636000","192.168.45.2","192.168.45.4","IPv4","1514","Fragmented IP protocol (proto=UDP 17, off=0, ID=e024)"
"657","7.771993000","192.168.45.2","192.168.45.4","IPv4","1514","Fragmented IP protocol (proto=UDP 17, off=0, ID=e025)"
"658","7.784354000","192.168.45.2","192.168.45.4","IPv4","1514","Fragmented IP protocol (proto=UDP 17, off=0, ID=e026)"
"659","7.796713000","192.168.45.2","192.168.45.4","IPv4","1514","Fragmented IP protocol (proto=UDP 17, off=0, ID=e027)"
"660","7.809069000","192.168.45.2","192.168.45.4","IPv4","1514","Fragmented IP protocol (proto=UDP 17, off=0, ID=e028)"
"661","7.821430000","192.168.45.2","192.168.45.4","IPv4","1514","Fragmented IP protocol (proto=UDP 17, off=0, ID=e029)"
"662","7.833790000","192.168.45.2","192.168.45.4","IPv4","1514","Fragmented IP protocol (proto=UDP 17, off=0, ID=e02a)"
"663","7.846148000","192.168.45.2","192.168.45.4","IPv4","1514","Fragmented IP protocol (proto=UDP 17, off=0, ID=e02b)"
"664","7.858504000","192.168.45.2","192.168.45.4","IPv4","1514","Fragmented IP protocol (proto=UDP 17, off=0, ID=e02c)"
"665","7.860985000","192.168.45.2","192.168.45.4","UDP","251","58010  >  54002  Len=209"
"680","8.035374000","192.168.45.2","192.168.45.4","IPv4","1514","Fragmented IP protocol (proto=UDP 17, off=0, ID=e03c)"
"681","8.047737000","192.168.45.2","192.168.45.4","IPv4","1514","Fragmented IP protocol (proto=UDP 17, off=0, ID=e03d)"
"682","8.060094000","192.168.45.2","192.168.45.4","IPv4","1514","Fragmented IP protocol (proto=UDP 17, off=0, ID=e03e)"
"683","8.072452000","192.168.45.2","192.168.45.4","IPv4","1514","Fragmented IP protocol (proto=UDP 17, off=0, ID=e03f)"
"684","8.084808000","192.168.45.2","192.168.45.4","IPv4","1514","Fragmented IP protocol (proto=UDP 17, off=0, ID=e040)"
"685","8.097168000","192.168.45.2","192.168.45.4","IPv4","1514","Fragmented IP protocol (proto=UDP 17, off=0, ID=e041)"
"686","8.109526000","192.168.45.2","192.168.45.4","IPv4","1514","Fragmented IP protocol (proto=UDP 17, off=0, ID=e042)"
"687","8.121888000","192.168.45.2","192.168.45.4","IPv4","1514","Fragmented IP protocol (proto=UDP 17, off=0, ID=e043)"
"688","8.134243000","192.168.45.2","192.168.45.4","IPv4","1514","Fragmented IP protocol (proto=UDP 17, off=0, ID=e044)"
"689","8.146603000","192.168.45.2","192.168.45.4","IPv4","1514","Fragmented IP protocol (proto=UDP 17, off=0, ID=e045)"
"690","8.158964000","192.168.45.2","192.168.45.4","IPv4","1514","Fragmented IP protocol (proto=UDP 17, off=0, ID=e046)"
"691","8.162608000","192.168.45.2","192.168.45.4","UDP","400","58010  >  54002  Len=358"
"692","8.174477000","192.168.45.2","192.168.45.4","IPv4","1514","Fragmented IP protocol (proto=UDP 17, off=0, ID=e048)"
"693","8.186837000","192.168.45.2","192.168.45.4","IPv4","1514","Fragmented IP protocol (proto=UDP 17, off=0, ID=e049)"
"694","8.199199000","192.168.45.2","192.168.45.4","IPv4","1514","Fragmented IP protocol (proto=UDP 17, off=0, ID=e04a)"
"695","8.211552000","192.168.45.2","192.168.45.4","IPv4","1514","Fragmented IP protocol (proto=UDP 17, off=0, ID=e04b)"
"696","8.223914000","192.168.45.2","192.168.45.4","IPv4","1514","Fragmented IP protocol (proto=UDP 17, off=0, ID=e04c)"
"697","8.236272000","192.168.45.2","192.168.45.4","IPv4","1514","Fragmented IP protocol (proto=UDP 17, off=0, ID=e04d)"
"698","8.248632000","192.168.45.2","192.168.45.4","IPv4","1514","Fragmented IP protocol (proto=UDP 17, off=0, ID=e04e)"
"699","8.260987000","192.168.45.2","192.168.45.4","IPv4","1514","Fragmented IP protocol (proto=UDP 17, off=0, ID=e04f)"
"700","8.273346000","192.168.45.2","192.168.45.4","IPv4","1514","Fragmented IP protocol (proto=UDP 17, off=0, ID=e050)"
"701","8.285707000","192.168.45.2","192.168.45.4","IPv4","1514","Fragmented IP protocol (proto=UDP 17, off=0, ID=e051)"
"702","8.298067000","192.168.45.2","192.168.45.4","IPv4","1514","Fragmented IP protocol (proto=UDP 17, off=0, ID=e052)"
"703","8.310429000","192.168.45.2","192.168.45.4","IPv4","1514","Fragmented IP protocol (proto=UDP 17, off=0, ID=e053)"
"704","8.322782000","192.168.45.2","192.168.45.4","IPv4","1514","Fragmented IP protocol (proto=UDP 17, off=0, ID=e054)"
"705","8.335143000","192.168.45.2","192.168.45.4","IPv4","1514","Fragmented IP protocol (proto=UDP 17, off=0, ID=e055)"
"706","8.347505000","192.168.45.2","192.168.45.4","IPv4","1514","Fragmented IP protocol (proto=UDP 17, off=0, ID=e056)"
"707","8.355980000","192.168.45.2","192.168.45.4","UDP","1018","58010  >  54002  Len=976"
"708","8.367843000","192.168.45.2","192.168.45.4","IPv4","1514","Fragmented IP protocol (proto=UDP 17, off=0, ID=e058)"
"709","8.380203000","192.168.45.2","192.168.45.4","IPv4","1514","Fragmented IP protocol (proto=UDP 17, off=0, ID=e059)"
"710","8.392562000","192.168.45.2","192.168.45.4","IPv4","1514","Fragmented IP protocol (proto=UDP 17, off=0, ID=e05a)"
"711","8.404911000","192.168.45.2","192.168.45.4","IPv4","1514","Fragmented IP protocol (proto=UDP 17, off=0, ID=e05b)"
"712","8.417293000","192.168.45.2","192.168.45.4","IPv4","1514","Fragmented IP protocol (proto=UDP 17, off=0, ID=e05c)"
"713","8.429650000","192.168.45.2","192.168.45.4","IPv4","1514","Fragmented IP protocol (proto=UDP 17, off=0, ID=e05d)"
"714","8.441999000","192.168.45.2","192.168.45.4","IPv4","1514","Fragmented IP protocol (proto=UDP 17, off=0, ID=e05e)"
"715","8.454359000","192.168.45.2","192.168.45.4","IPv4","1514","Fragmented IP protocol (proto=UDP 17, off=0, ID=e05f)"
"716","8.466721000","192.168.45.2","192.168.45.4","IPv4","1514","Fragmented IP protocol (proto=UDP 17, off=0, ID=e060)"
"717","8.479073000","192.168.45.2","192.168.45.4","IPv4","1514","Fragmented IP protocol (proto=UDP 17, off=0, ID=e061)"
"718","8.491433000","192.168.45.2","192.168.45.4","IPv4","1514","Fragmented IP protocol (proto=UDP 17, off=0, ID=e062)"
"719","8.503792000","192.168.45.2","192.168.45.4","IPv4","1514","Fragmented IP protocol (proto=UDP 17, off=0, ID=e063)"
"720","8.514648000","192.168.45.2","192.168.45.4","UDP","1322","58010  >  54002  Len=1280"
"721","8.526508000","192.168.45.2","192.168.45.4","IPv4","1514","Fragmented IP protocol (proto=UDP 17, off=0, ID=e065)"
"722","8.538868000","192.168.45.2","192.168.45.4","IPv4","1514","Fragmented IP protocol (proto=UDP 17, off=0, ID=e066)"
"723","8.551229000","192.168.45.2","192.168.45.4","IPv4","1514","Fragmented IP protocol (proto=UDP 17, off=0, ID=e067)"
"724","8.563590000","192.168.45.2","192.168.45.4","IPv4","1514","Fragmented IP protocol (proto=UDP 17, off=0, ID=e068)"
"725","8.575945000","192.168.45.2","192.168.45.4","IPv4","1514","Fragmented IP protocol (proto=UDP 17, off=0, ID=e069)"
"726","8.588318000","192.168.45.2","192.168.45.4","IPv4","1514","Fragmented IP protocol (proto=UDP 17, off=0, ID=e06a)"
"727","8.600663000","192.168.45.2","192.168.45.4","IPv4","1514","Fragmented IP protocol (proto=UDP 17, off=0, ID=e06b)"
"728","8.613023000","192.168.45.2","192.168.45.4","IPv4","1514","Fragmented IP protocol (proto=UDP 17, off=0, ID=e06c)"
"729","8.625378000","192.168.45.2","192.168.45.4","IPv4","1514","Fragmented IP protocol (proto=UDP 17, off=0, ID=e06d)"
"730","8.637737000","192.168.45.2","192.168.45.4","IPv4","1514","Fragmented IP protocol (proto=UDP 17, off=0, ID=e06e)"
"731","8.642524000","192.168.45.2","192.168.45.4","UDP","546","58010  >  54002  Len=504"
"732","8.654393000","192.168.45.2","192.168.45.4","IPv4","1514","Fragmented IP protocol (proto=UDP 17, off=0, ID=e070)"
"733","8.666754000","192.168.45.2","192.168.45.4","IPv4","1514","Fragmented IP protocol (proto=UDP 17, off=0, ID=e071)"
"734","8.679114000","192.168.45.2","192.168.45.4","IPv4","1514","Fragmented IP protocol (proto=UDP 17, off=0, ID=e072)"
"735","8.691474000","192.168.45.2","192.168.45.4","IPv4","1514","Fragmented IP protocol (proto=UDP 17, off=0, ID=e073)"
"736","8.703831000","192.168.45.2","192.168.45.4","IPv4","1514","Fragmented IP protocol (proto=UDP 17, off=0, ID=e074)"
"737","8.716191000","192.168.45.2","192.168.45.4","IPv4","1514","Fragmented IP protocol (proto=UDP 17, off=0, ID=e075)"
"738","8.728549000","192.168.45.2","192.168.45.4","IPv4","1514","Fragmented IP protocol (proto=UDP 17, off=0, ID=e076)"
"739","8.740907000","192.168.45.2","192.168.45.4","IPv4","1514","Fragmented IP protocol (proto=UDP 17, off=0, ID=e077)"
"740","8.753268000","192.168.45.2","192.168.45.4","IPv4","1514","Fragmented IP protocol (proto=UDP 17, off=0, ID=e078)"
"741","8.765624000","192.168.45.2","192.168.45.4","IPv4","1514","Fragmented IP protocol (proto=UDP 17, off=0, ID=e079)"
"742","8.777982000","192.168.45.2","192.168.45.4","IPv4","1514","Fragmented IP protocol (proto=UDP 17, off=0, ID=e07a)"
"743","8.781626000","192.168.45.2","192.168.45.4","UDP","400","58010  >  54002  Len=358"
"744","8.793498000","192.168.45.2","192.168.45.4","IPv4","1514","Fragmented IP protocol (proto=UDP 17, off=0, ID=e07c)"
"745","8.805857000","192.168.45.2","192.168.45.4","IPv4","1514","Fragmented IP protocol (proto=UDP 17, off=0, ID=e07d)"
"746","8.818218000","192.168.45.2","192.168.45.4","IPv4","1514","Fragmented IP protocol (proto=UDP 17, off=0, ID=e07e)"
"747","8.830572000","192.168.45.2","192.168.45.4","IPv4","1514","Fragmented IP protocol (proto=UDP 17, off=0, ID=e07f)"
"748","8.842935000","192.168.45.2","192.168.45.4","IPv4","1514","Fragmented IP protocol (proto=UDP 17, off=0, ID=e080)"
"749","8.855294000","192.168.45.2","192.168.45.4","IPv4","1514","Fragmented IP protocol (proto=UDP 17, off=0, ID=e081)"
"750","8.867656000","192.168.45.2","192.168.45.4","IPv4","1514","Fragmented IP protocol (proto=UDP 17, off=0, ID=e082)"
"751","8.880012000","192.168.45.2","192.168.45.4","IPv4","1514","Fragmented IP protocol (proto=UDP 17, off=0, ID=e083)"
"752","8.892368000","192.168.45.2","192.168.45.4","IPv4","1514","Fragmented IP protocol (proto=UDP 17, off=0, ID=e084)"
"753","8.904727000","192.168.45.2","192.168.45.4","IPv4","1514","Fragmented IP protocol (proto=UDP 17, off=0, ID=e085)"
"754","8.917075000","192.168.45.2","192.168.45.4","IPv4","1514","Fragmented IP protocol (proto=UDP 17, off=0, ID=e086)"
"755","8.929435000","192.168.45.2","192.168.45.4","IPv4","1514","Fragmented IP protocol (proto=UDP 17, off=0, ID=e087)"
"756","8.941804000","192.168.45.2","192.168.45.4","IPv4","1514","Fragmented IP protocol (proto=UDP 17, off=0, ID=e088)"
"757","8.954165000","192.168.45.2","192.168.45.4","IPv4","1514","Fragmented IP protocol (proto=UDP 17, off=0, ID=e089)"
"758","8.966525000","192.168.45.2","192.168.45.4","IPv4","1514","Fragmented IP protocol (proto=UDP 17, off=0, ID=e08a)"
"759","8.973638000","192.168.45.2","192.168.45.4","UDP","844","58010  >  54002  Len=802"
"760","8.985505000","192.168.45.2","192.168.45.4","IPv4","1514","Fragmented IP protocol (proto=UDP 17, off=0, ID=e08c)"
"761","8.997864000","192.168.45.2","192.168.45.4","IPv4","1514","Fragmented IP protocol (proto=UDP 17, off=0, ID=e08d)"
"762","9.010225000","192.168.45.2","192.168.45.4","IPv4","1514","Fragmented IP protocol (proto=UDP 17, off=0, ID=e08e)"
"763","9.022586000","192.168.45.2","192.168.45.4","IPv4","1514","Fragmented IP protocol (proto=UDP 17, off=0, ID=e08f)"
"764","9.034947000","192.168.45.2","192.168.45.4","IPv4","1514","Fragmented IP protocol (proto=UDP 17, off=0, ID=e090)"
"765","9.047300000","192.168.45.2","192.168.45.4","IPv4","1514","Fragmented IP protocol (proto=UDP 17, off=0, ID=e091)"
"766","9.059657000","192.168.45.2","192.168.45.4","IPv4","1514","Fragmented IP protocol (proto=UDP 17, off=0, ID=e092)"
"767","9.072019000","192.168.45.2","192.168.45.4","IPv4","1514","Fragmented IP protocol (proto=UDP 17, off=0, ID=e093)"
"768","9.084380000","192.168.45.2","192.168.45.4","IPv4","1514","Fragmented IP protocol (proto=UDP 17, off=0, ID=e094)"
"769","9.096734000","192.168.45.2","192.168.45.4","IPv4","1514","Fragmented IP protocol (proto=UDP 17, off=0, ID=e095)"
"770","9.109094000","192.168.45.2","192.168.45.4","IPv4","1514","Fragmented IP protocol (proto=UDP 17, off=0, ID=e096)"
"771","9.121454000","192.168.45.2","192.168.45.4","IPv4","1514","Fragmented IP protocol (proto=UDP 17, off=0, ID=e097)"
"772","9.130998000","192.168.45.2","192.168.45.4","UDP","1154","58010  >  54002  Len=1112"
"773","9.142860000","192.168.45.2","192.168.45.4","IPv4","1514","Fragmented IP protocol (proto=UDP 17, off=0, ID=e099)"
"774","9.155221000","192.168.45.2","192.168.45.4","IPv4","1514","Fragmented IP protocol (proto=UDP 17, off=0, ID=e09a)"
"775","9.167576000","192.168.45.2","192.168.45.4","IPv4","1514","Fragmented IP protocol (proto=UDP 17, off=0, ID=e09b)"
"776","9.179936000","192.168.45.2","192.168.45.4","IPv4","1514","Fragmented IP protocol (proto=UDP 17, off=0, ID=e09c)"
"777","9.192296000","192.168.45.2","192.168.45.4","IPv4","1514","Fragmented IP protocol (proto=UDP 17, off=0, ID=e09d)"
"778","9.204657000","192.168.45.2","192.168.45.4","IPv4","1514","Fragmented IP protocol (proto=UDP 17, off=0, ID=e09e)"
"779","9.217004000","192.168.45.2","192.168.45.4","IPv4","1514","Fragmented IP protocol (proto=UDP 17, off=0, ID=e09f)"
"780","9.229373000","192.168.45.2","192.168.45.4","IPv4","1514","Fragmented IP protocol (proto=UDP 17, off=0, ID=e0a0)"
"781","9.241731000","192.168.45.2","192.168.45.4","IPv4","1514","Fragmented IP protocol (proto=UDP 17, off=0, ID=e0a1)"
"782","9.254092000","192.168.45.2","192.168.45.4","IPv4","1514","Fragmented IP protocol (proto=UDP 17, off=0, ID=e0a2)"
"783","9.258913000","192.168.45.2","192.168.45.4","UDP","550","58010  >  54002  Len=508"
"784","9.270771000","192.168.45.2","192.168.45.4","IPv4","1514","Fragmented IP protocol (proto=UDP 17, off=0, ID=e0a4)"
"785","9.283136000","192.168.45.2","192.168.45.4","IPv4","1514","Fragmented IP protocol (proto=UDP 17, off=0, ID=e0a5)"
"786","9.295495000","192.168.45.2","192.168.45.4","IPv4","1514","Fragmented IP protocol (proto=UDP 17, off=0, ID=e0a6)"
"787","9.307851000","192.168.45.2","192.168.45.4","IPv4","1514","Fragmented IP protocol (proto=UDP 17, off=0, ID=e0a7)"
"788","9.320211000","192.168.45.2","192.168.45.4","IPv4","1514","Fragmented IP protocol (proto=UDP 17, off=0, ID=e0a8)"
"789","9.332571000","192.168.45.2","192.168.45.4","IPv4","1514","Fragmented IP protocol (proto=UDP 17, off=0, ID=e0a9)"
"790","9.344932000","192.168.45.2","192.168.45.4","IPv4","1514","Fragmented IP protocol (proto=UDP 17, off=0, ID=e0aa)"
"791","9.357288000","192.168.45.2","192.168.45.4","IPv4","1514","Fragmented IP protocol (proto=UDP 17, off=0, ID=e0ab)"
"792","9.369645000","192.168.45.2","192.168.45.4","IPv4","1514","Fragmented IP protocol (proto=UDP 17, off=0, ID=e0ac)"
"793","9.382005000","192.168.45.2","192.168.45.4","IPv4","1514","Fragmented IP protocol (proto=UDP 17, off=0, ID=e0ad)"
"794","9.385610000","192.168.45.2","192.168.45.4","UDP","395","58010  >  54002  Len=353"
"795","9.397481000","192.168.45.2","192.168.45.4","IPv4","1514","Fragmented IP protocol (proto=UDP 17, off=0, ID=e0af)"
"796","9.409830000","192.168.45.2","192.168.45.4","IPv4","1514","Fragmented IP protocol (proto=UDP 17, off=0, ID=e0b0)"
"797","9.422217000","192.168.45.2","192.168.45.4","IPv4","1514","Fragmented IP protocol (proto=UDP 17, off=0, ID=e0b1)"
"798","9.434555000","192.168.45.2","192.168.45.4","IPv4","1514","Fragmented IP protocol (proto=UDP 17, off=0, ID=e0b2)"
"799","9.446916000","192.168.45.2","192.168.45.4","IPv4","1514","Fragmented IP protocol (proto=UDP 17, off=0, ID=e0b3)"
"800","9.459275000","192.168.45.2","192.168.45.4","IPv4","1514","Fragmented IP protocol (proto=UDP 17, off=0, ID=e0b4)"
"801","9.471638000","192.168.45.2","192.168.45.4","IPv4","1514","Fragmented IP protocol (proto=UDP 17, off=0, ID=e0b5)"
"802","9.483997000","192.168.45.2","192.168.45.4","IPv4","1514","Fragmented IP protocol (proto=UDP 17, off=0, ID=e0b6)"
"803","9.496352000","192.168.45.2","192.168.45.4","IPv4","1514","Fragmented IP protocol (proto=UDP 17, off=0, ID=e0b7)"
"804","9.508711000","192.168.45.2","192.168.45.4","IPv4","1514","Fragmented IP protocol (proto=UDP 17, off=0, ID=e0b8)"
"805","9.521070000","192.168.45.2","192.168.45.4","IPv4","1514","Fragmented IP protocol (proto=UDP 17, off=0, ID=e0b9)"
"806","9.533431000","192.168.45.2","192.168.45.4","IPv4","1514","Fragmented IP protocol (proto=UDP 17, off=0, ID=e0ba)"
"807","9.545793000","192.168.45.2","192.168.45.4","IPv4","1514","Fragmented IP protocol (proto=UDP 17, off=0, ID=e0bb)"
"808","9.558145000","192.168.45.2","192.168.45.4","IPv4","1514","Fragmented IP protocol (proto=UDP 17, off=0, ID=e0bc)"
"809","9.570506000","192.168.45.2","192.168.45.4","IPv4","1514","Fragmented IP protocol (proto=UDP 17, off=0, ID=e0bd)"
"810","9.578768000","192.168.45.2","192.168.45.4","UDP","990","58010  >  54002  Len=948"
"811","9.590627000","192.168.45.2","192.168.45.4","IPv4","1514","Fragmented IP protocol (proto=UDP 17, off=0, ID=e0bf)"
"812","9.602987000","192.168.45.2","192.168.45.4","IPv4","1514","Fragmented IP protocol (proto=UDP 17, off=0, ID=e0c0)"
"813","9.615348000","192.168.45.2","192.168.45.4","IPv4","1514","Fragmented IP protocol (proto=UDP 17, off=0, ID=e0c1)"
"814","9.627708000","192.168.45.2","192.168.45.4","IPv4","1514","Fragmented IP protocol (proto=UDP 17, off=0, ID=e0c2)"
"815","9.640068000","192.168.45.2","192.168.45.4","IPv4","1514","Fragmented IP protocol (proto=UDP 17, off=0, ID=e0c3)"
"816","9.652423000","192.168.45.2","192.168.45.4","IPv4","1514","Fragmented IP protocol (proto=UDP 17, off=0, ID=e0c4)"
"817","9.664783000","192.168.45.2","192.168.45.4","IPv4","1514","Fragmented IP protocol (proto=UDP 17, off=0, ID=e0c5)"
"818","9.677142000","192.168.45.2","192.168.45.4","IPv4","1514","Fragmented IP protocol (proto=UDP 17, off=0, ID=e0c6)"
"819","9.689503000","192.168.45.2","192.168.45.4","IPv4","1514","Fragmented IP protocol (proto=UDP 17, off=0, ID=e0c7)"
"820","9.701858000","192.168.45.2","192.168.45.4","IPv4","1514","Fragmented IP protocol (proto=UDP 17, off=0, ID=e0c8)"
"821","9.714217000","192.168.45.2","192.168.45.4","IPv4","1514","Fragmented IP protocol (proto=UDP 17, off=0, ID=e0c9)"
"822","9.726579000","192.168.45.2","192.168.45.4","IPv4","1514","Fragmented IP protocol (proto=UDP 17, off=0, ID=e0ca)"
"823","9.736345000","192.168.45.2","192.168.45.4","UDP","1183","58010  >  54002  Len=1141"
"824","9.748208000","192.168.45.2","192.168.45.4","IPv4","1514","Fragmented IP protocol (proto=UDP 17, off=0, ID=e0cc)"
"825","9.760567000","192.168.45.2","192.168.45.4","IPv4","1514","Fragmented IP protocol (proto=UDP 17, off=0, ID=e0cd)"
"826","9.772927000","192.168.45.2","192.168.45.4","IPv4","1514","Fragmented IP protocol (proto=UDP 17, off=0, ID=e0ce)"
"827","9.785287000","192.168.45.2","192.168.45.4","IPv4","1514","Fragmented IP protocol (proto=UDP 17, off=0, ID=e0cf)"
"828","9.797643000","192.168.45.2","192.168.45.4","IPv4","1514","Fragmented IP protocol (proto=UDP 17, off=0, ID=e0d0)"
"829","9.810003000","192.168.45.2","192.168.45.4","IPv4","1514","Fragmented IP protocol (proto=UDP 17, off=0, ID=e0d1)"
"830","9.822362000","192.168.45.2","192.168.45.4","IPv4","1514","Fragmented IP protocol (proto=UDP 17, off=0, ID=e0d2)"
"831","9.834723000","192.168.45.2","192.168.45.4","IPv4","1514","Fragmented IP protocol (proto=UDP 17, off=0, ID=e0d3)"
"832","9.847086000","192.168.45.2","192.168.45.4","IPv4","1514","Fragmented IP protocol (proto=UDP 17, off=0, ID=e0d4)"
"833","9.859438000","192.168.45.2","192.168.45.4","IPv4","1514","Fragmented IP protocol (proto=UDP 17, off=0, ID=e0d5)"
"834","9.864194000","192.168.45.2","192.168.45.4","UDP","542","58010  >  54002  Len=500"
"835","9.876066000","192.168.45.2","192.168.45.4","IPv4","1514","Fragmented IP protocol (proto=UDP 17, off=0, ID=e0d7)"
"836","9.888426000","192.168.45.2","192.168.45.4","IPv4","1514","Fragmented IP protocol (proto=UDP 17, off=0, ID=e0d8)"
"837","9.900783000","192.168.45.2","192.168.45.4","IPv4","1514","Fragmented IP protocol (proto=UDP 17, off=0, ID=e0d9)"
"838","9.913129000","192.168.45.2","192.168.45.4","IPv4","1514","Fragmented IP protocol (proto=UDP 17, off=0, ID=e0da)"
"839","9.925515000","192.168.45.2","192.168.45.4","IPv4","1514","Fragmented IP protocol (proto=UDP 17, off=0, ID=e0db)"
"840","9.937861000","192.168.45.2","192.168.45.4","IPv4","1514","Fragmented IP protocol (proto=UDP 17, off=0, ID=e0dc)"
"841","9.950218000","192.168.45.2","192.168.45.4","IPv4","1514","Fragmented IP protocol (proto=UDP 17, off=0, ID=e0dd)"
"842","9.962579000","192.168.45.2","192.168.45.4","IPv4","1514","Fragmented IP protocol (proto=UDP 17, off=0, ID=e0de)"
"843","9.974936000","192.168.45.2","192.168.45.4","IPv4","1514","Fragmented IP protocol (proto=UDP 17, off=0, ID=e0df)"
"844","9.987295000","192.168.45.2","192.168.45.4","IPv4","1514","Fragmented IP protocol (proto=UDP 17, off=0, ID=e0e0)"
"845","9.999656000","192.168.45.2","192.168.45.4","IPv4","1514","Fragmented IP protocol (proto=UDP 17, off=0, ID=e0e1)"
"846","10.003190000","192.168.45.2","192.168.45.4","UDP","386","58010  >  54002  Len=344"
"871","10.298806000","192.168.45.2","192.168.45.4","IPv4","1514","Fragmented IP protocol (proto=UDP 17, off=0, ID=e0fb)"
"872","10.311165000","192.168.45.2","192.168.45.4","IPv4","1514","Fragmented IP protocol (proto=UDP 17, off=0, ID=e0fc)"
"873","10.323525000","192.168.45.2","192.168.45.4","IPv4","1514","Fragmented IP protocol (proto=UDP 17, off=0, ID=e0fd)"
"874","10.335883000","192.168.45.2","192.168.45.4","IPv4","1514","Fragmented IP protocol (proto=UDP 17, off=0, ID=e0fe)"
"875","10.348236000","192.168.45.2","192.168.45.4","IPv4","1514","Fragmented IP protocol (proto=UDP 17, off=0, ID=e0ff)"
"876","10.360597000","192.168.45.2","192.168.45.4","IPv4","1514","Fragmented IP protocol (proto=UDP 17, off=0, ID=e100)"
"877","10.372957000","192.168.45.2","192.168.45.4","IPv4","1514","Fragmented IP protocol (proto=UDP 17, off=0, ID=e101)"
"878","10.385318000","192.168.45.2","192.168.45.4","IPv4","1514","Fragmented IP protocol (proto=UDP 17, off=0, ID=e102)"
"879","10.397686000","192.168.45.2","192.168.45.4","IPv4","1514","Fragmented IP protocol (proto=UDP 17, off=0, ID=e103)"
"880","10.410033000","192.168.45.2","192.168.45.4","IPv4","1514","Fragmented IP protocol (proto=UDP 17, off=0, ID=e104)"
"881","10.418642000","192.168.45.2","192.168.45.4","UDP","1036","58010  >  54002  Len=994"
"882","10.430519000","192.168.45.2","192.168.45.4","IPv4","1514","Fragmented IP protocol (proto=UDP 17, off=0, ID=e106)"
"883","10.442876000","192.168.45.2","192.168.45.4","IPv4","1514","Fragmented IP protocol (proto=UDP 17, off=0, ID=e107)"
"884","10.455237000","192.168.45.2","192.168.45.4","IPv4","1514","Fragmented IP protocol (proto=UDP 17, off=0, ID=e108)"
"885","10.467597000","192.168.45.2","192.168.45.4","IPv4","1514","Fragmented IP protocol (proto=UDP 17, off=0, ID=e109)"
"886","10.479952000","192.168.45.2","192.168.45.4","IPv4","1514","Fragmented IP protocol (proto=UDP 17, off=0, ID=e10a)"
"887","10.492313000","192.168.45.2","192.168.45.4","IPv4","1514","Fragmented IP protocol (proto=UDP 17, off=0, ID=e10b)"
"888","10.504674000","192.168.45.2","192.168.45.4","IPv4","1514","Fragmented IP protocol (proto=UDP 17, off=0, ID=e10c)"
"889","10.517044000","192.168.45.2","192.168.45.4","IPv4","1514","Fragmented IP protocol (proto=UDP 17, off=0, ID=e10d)"
"890","10.529387000","192.168.45.2","192.168.45.4","IPv4","1514","Fragmented IP protocol (proto=UDP 17, off=0, ID=e10e)"
"891","10.541746000","192.168.45.2","192.168.45.4","IPv4","1514","Fragmented IP protocol (proto=UDP 17, off=0, ID=e10f)"
"892","10.554107000","192.168.45.2","192.168.45.4","IPv4","1514","Fragmented IP protocol (proto=UDP 17, off=0, ID=e110)"
"893","10.566467000","192.168.45.2","192.168.45.4","IPv4","1514","Fragmented IP protocol (proto=UDP 17, off=0, ID=e111)"
"894","10.572549000","192.168.45.2","192.168.45.4","UDP","712","58010  >  54002  Len=670"
"938","11.097097000","192.168.45.2","192.168.45.4","IPv4","1514","Fragmented IP protocol (proto=UDP 17, off=0, ID=e13e)"
"939","11.109459000","192.168.45.2","192.168.45.4","IPv4","1514","Fragmented IP protocol (proto=UDP 17, off=0, ID=e13f)"
"940","11.121817000","192.168.45.2","192.168.45.4","IPv4","1514","Fragmented IP protocol (proto=UDP 17, off=0, ID=e140)"
"941","11.134178000","192.168.45.2","192.168.45.4","IPv4","1514","Fragmented IP protocol (proto=UDP 17, off=0, ID=e141)"
"942","11.146533000","192.168.45.2","192.168.45.4","IPv4","1514","Fragmented IP protocol (proto=UDP 17, off=0, ID=e142)"
"943","11.158895000","192.168.45.2","192.168.45.4","IPv4","1514","Fragmented IP protocol (proto=UDP 17, off=0, ID=e143)"
"944","11.171254000","192.168.45.2","192.168.45.4","IPv4","1514","Fragmented IP protocol (proto=UDP 17, off=0, ID=e144)"
"945","11.183613000","192.168.45.2","192.168.45.4","IPv4","1514","Fragmented IP protocol (proto=UDP 17, off=0, ID=e145)"
"946","11.195972000","192.168.45.2","192.168.45.4","IPv4","1514","Fragmented IP protocol (proto=UDP 17, off=0, ID=e146)"
"947","11.208328000","192.168.45.2","192.168.45.4","IPv4","1514","Fragmented IP protocol (proto=UDP 17, off=0, ID=e147)"
"948","11.220688000","192.168.45.2","192.168.45.4","IPv4","1514","Fragmented IP protocol (proto=UDP 17, off=0, ID=e148)"
"949","11.233048000","192.168.45.2","192.168.45.4","IPv4","1514","Fragmented IP protocol (proto=UDP 17, off=0, ID=e149)"
"950","11.241792000","192.168.45.2","192.168.45.4","UDP","1052","58010  >  54002  Len=1010"
"964","11.410064000","192.168.45.2","192.168.45.4","IPv4","1514","Fragmented IP protocol (proto=UDP 17, off=0, ID=e158)"
"965","11.422410000","192.168.45.2","192.168.45.4","IPv4","1514","Fragmented IP protocol (proto=UDP 17, off=0, ID=e159)"
"966","11.434790000","192.168.45.2","192.168.45.4","IPv4","1514","Fragmented IP protocol (proto=UDP 17, off=0, ID=e15a)"
"967","11.447170000","192.168.45.2","192.168.45.4","IPv4","1514","Fragmented IP protocol (proto=UDP 17, off=0, ID=e15b)"
"968","11.459502000","192.168.45.2","192.168.45.4","IPv4","1514","Fragmented IP protocol (proto=UDP 17, off=0, ID=e15c)"
"969","11.471855000","192.168.45.2","192.168.45.4","IPv4","1514","Fragmented IP protocol (proto=UDP 17, off=0, ID=e15d)"
"970","11.484215000","192.168.45.2","192.168.45.4","IPv4","1514","Fragmented IP protocol (proto=UDP 17, off=0, ID=e15e)"
"971","11.496576000","192.168.45.2","192.168.45.4","IPv4","1514","Fragmented IP protocol (proto=UDP 17, off=0, ID=e15f)"
"972","11.508936000","192.168.45.2","192.168.45.4","IPv4","1514","Fragmented IP protocol (proto=UDP 17, off=0, ID=e160)"
"973","11.521296000","192.168.45.2","192.168.45.4","IPv4","1514","Fragmented IP protocol (proto=UDP 17, off=0, ID=e161)"
"974","11.533651000","192.168.45.2","192.168.45.4","IPv4","1514","Fragmented IP protocol (proto=UDP 17, off=0, ID=e162)"
"975","11.537037000","192.168.45.2","192.168.45.4","UDP","367","58010  >  54002  Len=325"
"1002","11.858007000","192.168.45.2","192.168.45.4","IPv4","1514","Fragmented IP protocol (proto=UDP 17, off=0, ID=e17e)"
"1003","11.870365000","192.168.45.2","192.168.45.4","IPv4","1514","Fragmented IP protocol (proto=UDP 17, off=0, ID=e17f)"
"1004","11.882724000","192.168.45.2","192.168.45.4","IPv4","1514","Fragmented IP protocol (proto=UDP 17, off=0, ID=e180)"
"1005","11.895080000","192.168.45.2","192.168.45.4","IPv4","1514","Fragmented IP protocol (proto=UDP 17, off=0, ID=e181)"
"1006","11.907441000","192.168.45.2","192.168.45.4","IPv4","1514","Fragmented IP protocol (proto=UDP 17, off=0, ID=e182)"
"1007","11.919802000","192.168.45.2","192.168.45.4","IPv4","1514","Fragmented IP protocol (proto=UDP 17, off=0, ID=e183)"
"1008","11.932161000","192.168.45.2","192.168.45.4","IPv4","1514","Fragmented IP protocol (proto=UDP 17, off=0, ID=e184)"
"1009","11.944516000","192.168.45.2","192.168.45.4","IPv4","1514","Fragmented IP protocol (proto=UDP 17, off=0, ID=e185)"
"1010","11.956881000","192.168.45.2","192.168.45.4","IPv4","1514","Fragmented IP protocol (proto=UDP 17, off=0, ID=e186)"
"1011","11.969226000","192.168.45.2","192.168.45.4","IPv4","1514","Fragmented IP protocol (proto=UDP 17, off=0, ID=e187)"
"1012","11.974563000","192.168.45.2","192.168.45.4","UDP","615","58010  >  54002  Len=573"
"1036","12.255390000","192.168.45.2","192.168.45.4","IPv4","1514","Fragmented IP protocol (proto=UDP 17, off=0, ID=e1a0)"
"1037","12.267746000","192.168.45.2","192.168.45.4","IPv4","1514","Fragmented IP protocol (proto=UDP 17, off=0, ID=e1a1)"
"1038","12.280104000","192.168.45.2","192.168.45.4","IPv4","1514","Fragmented IP protocol (proto=UDP 17, off=0, ID=e1a2)"
"1039","12.292465000","192.168.45.2","192.168.45.4","IPv4","1514","Fragmented IP protocol (proto=UDP 17, off=0, ID=e1a3)"
"1040","12.304826000","192.168.45.2","192.168.45.4","IPv4","1514","Fragmented IP protocol (proto=UDP 17, off=0, ID=e1a4)"
"1041","12.317179000","192.168.45.2","192.168.45.4","IPv4","1514","Fragmented IP protocol (proto=UDP 17, off=0, ID=e1a5)"
"1042","12.329542000","192.168.45.2","192.168.45.4","IPv4","1514","Fragmented IP protocol (proto=UDP 17, off=0, ID=e1a6)"
"1043","12.341902000","192.168.45.2","192.168.45.4","IPv4","1514","Fragmented IP protocol (proto=UDP 17, off=0, ID=e1a7)"
"1044","12.354262000","192.168.45.2","192.168.45.4","IPv4","1514","Fragmented IP protocol (proto=UDP 17, off=0, ID=e1a8)"
"1045","12.366620000","192.168.45.2","192.168.45.4","IPv4","1514","Fragmented IP protocol (proto=UDP 17, off=0, ID=e1a9)"
"1046","12.378975000","192.168.45.2","192.168.45.4","IPv4","1514","Fragmented IP protocol (proto=UDP 17, off=0, ID=e1aa)"
"1047","12.391335000","192.168.45.2","192.168.45.4","IPv4","1514","Fragmented IP protocol (proto=UDP 17, off=0, ID=e1ab)"
"1048","12.403477000","192.168.45.2","192.168.45.4","UDP","1486","58010  >  54002  Len=1444"
"1063","12.576946000","192.168.45.2","192.168.45.4","IPv4","1514","Fragmented IP protocol (proto=UDP 17, off=0, ID=e1bb)"
"1064","12.589319000","192.168.45.2","192.168.45.4","IPv4","1514","Fragmented IP protocol (proto=UDP 17, off=0, ID=e1bc)"
"1065","12.601665000","192.168.45.2","192.168.45.4","IPv4","1514","Fragmented IP protocol (proto=UDP 17, off=0, ID=e1bd)"
"1066","12.614023000","192.168.45.2","192.168.45.4","IPv4","1514","Fragmented IP protocol (proto=UDP 17, off=0, ID=e1be)"
"1067","12.626379000","192.168.45.2","192.168.45.4","IPv4","1514","Fragmented IP protocol (proto=UDP 17, off=0, ID=e1bf)"
"1068","12.638739000","192.168.45.2","192.168.45.4","IPv4","1514","Fragmented IP protocol (proto=UDP 17, off=0, ID=e1c0)"
"1069","12.651090000","192.168.45.2","192.168.45.4","IPv4","1514","Fragmented IP protocol (proto=UDP 17, off=0, ID=e1c1)"
"1070","12.663459000","192.168.45.2","192.168.45.4","IPv4","1514","Fragmented IP protocol (proto=UDP 17, off=0, ID=e1c2)"
"1071","12.675818000","192.168.45.2","192.168.45.4","IPv4","1514","Fragmented IP protocol (proto=UDP 17, off=0, ID=e1c3)"
"1072","12.688176000","192.168.45.2","192.168.45.4","IPv4","1514","Fragmented IP protocol (proto=UDP 17, off=0, ID=e1c4)"
"1073","12.690700000","192.168.45.2","192.168.45.4","UDP","257","58010  >  54002  Len=215"
"1086","12.839817000","192.168.45.2","192.168.45.4","IPv4","1514","Fragmented IP protocol (proto=UDP 17, off=0, ID=e1d2)"
"1087","12.852178000","192.168.45.2","192.168.45.4","IPv4","1514","Fragmented IP protocol (proto=UDP 17, off=0, ID=e1d3)"
"1088","12.864536000","192.168.45.2","192.168.45.4","IPv4","1514","Fragmented IP protocol (proto=UDP 17, off=0, ID=e1d4)"
"1089","12.876897000","192.168.45.2","192.168.45.4","IPv4","1514","Fragmented IP protocol (proto=UDP 17, off=0, ID=e1d5)"
"1090","12.889240000","192.168.45.2","192.168.45.4","IPv4","1514","Fragmented IP protocol (proto=UDP 17, off=0, ID=e1d6)"
"1091","12.901624000","192.168.45.2","192.168.45.4","IPv4","1514","Fragmented IP protocol (proto=UDP 17, off=0, ID=e1d7)"
"1092","12.913972000","192.168.45.2","192.168.45.4","IPv4","1514","Fragmented IP protocol (proto=UDP 17, off=0, ID=e1d8)"
"1093","12.926334000","192.168.45.2","192.168.45.4","IPv4","1514","Fragmented IP protocol (proto=UDP 17, off=0, ID=e1d9)"
"1094","12.938691000","192.168.45.2","192.168.45.4","IPv4","1514","Fragmented IP protocol (proto=UDP 17, off=0, ID=e1da)"
"1095","12.951042000","192.168.45.2","192.168.45.4","IPv4","1514","Fragmented IP protocol (proto=UDP 17, off=0, ID=e1db)"
"1096","12.963416000","192.168.45.2","192.168.45.4","IPv4","1514","Fragmented IP protocol (proto=UDP 17, off=0, ID=e1dc)"
"1097","12.975754000","192.168.45.2","192.168.45.4","IPv4","1514","Fragmented IP protocol (proto=UDP 17, off=0, ID=e1dd)"
"1098","12.988126000","192.168.45.2","192.168.45.4","IPv4","1514","Fragmented IP protocol (proto=UDP 17, off=0, ID=e1de)"
"1099","13.000482000","192.168.45.2","192.168.45.4","IPv4","1514","Fragmented IP protocol (proto=UDP 17, off=0, ID=e1df)"
"1100","13.012844000","192.168.45.2","192.168.45.4","IPv4","1514","Fragmented IP protocol (proto=UDP 17, off=0, ID=e1e0)"
"1101","13.018860000","192.168.45.2","192.168.45.4","UDP","703","58010  >  54002  Len=661"
"1102","13.030717000","192.168.45.2","192.168.45.4","IPv4","1514","Fragmented IP protocol (proto=UDP 17, off=0, ID=e1e2)"
"1103","13.043083000","192.168.45.2","192.168.45.4","IPv4","1514","Fragmented IP protocol (proto=UDP 17, off=0, ID=e1e3)"
"1104","13.055441000","192.168.45.2","192.168.45.4","IPv4","1514","Fragmented IP protocol (proto=UDP 17, off=0, ID=e1e4)"
"1105","13.067801000","192.168.45.2","192.168.45.4","IPv4","1514","Fragmented IP protocol (proto=UDP 17, off=0, ID=e1e5)"
"1106","13.080162000","192.168.45.2","192.168.45.4","IPv4","1514","Fragmented IP protocol (proto=UDP 17, off=0, ID=e1e6)"
"1107","13.092516000","192.168.45.2","192.168.45.4","IPv4","1514","Fragmented IP protocol (proto=UDP 17, off=0, ID=e1e7)"
"1108","13.104879000","192.168.45.2","192.168.45.4","IPv4","1514","Fragmented IP protocol (proto=UDP 17, off=0, ID=e1e8)"
"1109","13.117236000","192.168.45.2","192.168.45.4","IPv4","1514","Fragmented IP protocol (proto=UDP 17, off=0, ID=e1e9)"
"1110","13.129598000","192.168.45.2","192.168.45.4","IPv4","1514","Fragmented IP protocol (proto=UDP 17, off=0, ID=e1ea)"
"1111","13.141952000","192.168.45.2","192.168.45.4","IPv4","1514","Fragmented IP protocol (proto=UDP 17, off=0, ID=e1eb)"
"1112","13.154312000","192.168.45.2","192.168.45.4","IPv4","1514","Fragmented IP protocol (proto=UDP 17, off=0, ID=e1ec)"
"1113","13.166671000","192.168.45.2","192.168.45.4","IPv4","1514","Fragmented IP protocol (proto=UDP 17, off=0, ID=e1ed)"
"1114","13.171190000","192.168.45.2","192.168.45.4","UDP","512","58010  >  54002  Len=470"
"1131","13.375046000","192.168.45.2","192.168.45.4","IPv4","1514","Fragmented IP protocol (proto=UDP 17, off=0, ID=e1ff)"
"1132","13.387406000","192.168.45.2","192.168.45.4","IPv4","1514","Fragmented IP protocol (proto=UDP 17, off=0, ID=e200)"
"1133","13.399765000","192.168.45.2","192.168.45.4","IPv4","1514","Fragmented IP protocol (proto=UDP 17, off=0, ID=e201)"
"1134","13.412123000","192.168.45.2","192.168.45.4","IPv4","1514","Fragmented IP protocol (proto=UDP 17, off=0, ID=e202)"
"1135","13.424480000","192.168.45.2","192.168.45.4","IPv4","1514","Fragmented IP protocol (proto=UDP 17, off=0, ID=e203)"
"1136","13.436846000","192.168.45.2","192.168.45.4","IPv4","1514","Fragmented IP protocol (proto=UDP 17, off=0, ID=e204)"
"1137","13.449189000","192.168.45.2","192.168.45.4","IPv4","1514","Fragmented IP protocol (proto=UDP 17, off=0, ID=e205)"
"1138","13.461542000","192.168.45.2","192.168.45.4","IPv4","1514","Fragmented IP protocol (proto=UDP 17, off=0, ID=e206)"
"1139","13.473927000","192.168.45.2","192.168.45.4","IPv4","1514","Fragmented IP protocol (proto=UDP 17, off=0, ID=e207)"
"1140","13.486275000","192.168.45.2","192.168.45.4","IPv4","1514","Fragmented IP protocol (proto=UDP 17, off=0, ID=e208)"
"1141","13.498635000","192.168.45.2","192.168.45.4","IPv4","1514","Fragmented IP protocol (proto=UDP 17, off=0, ID=e209)"
"1142","13.510996000","192.168.45.2","192.168.45.4","IPv4","1514","Fragmented IP protocol (proto=UDP 17, off=0, ID=e20a)"
"1143","13.518235000","192.168.45.2","192.168.45.4","UDP","860","58010  >  54002  Len=818"
"1144","13.530102000","192.168.45.2","192.168.45.4","IPv4","1514","Fragmented IP protocol (proto=UDP 17, off=0, ID=e20c)"
"1145","13.542461000","192.168.45.2","192.168.45.4","IPv4","1514","Fragmented IP protocol (proto=UDP 17, off=0, ID=e20d)"
"1146","13.554820000","192.168.45.2","192.168.45.4","IPv4","1514","Fragmented IP protocol (proto=UDP 17, off=0, ID=e20e)"
"1147","13.567178000","192.168.45.2","192.168.45.4","IPv4","1514","Fragmented IP protocol (proto=UDP 17, off=0, ID=e20f)"
"1148","13.579538000","192.168.45.2","192.168.45.4","IPv4","1514","Fragmented IP protocol (proto=UDP 17, off=0, ID=e210)"
"1149","13.591896000","192.168.45.2","192.168.45.4","IPv4","1514","Fragmented IP protocol (proto=UDP 17, off=0, ID=e211)"
"1150","13.604256000","192.168.45.2","192.168.45.4","IPv4","1514","Fragmented IP protocol (proto=UDP 17, off=0, ID=e212)"
"1151","13.616616000","192.168.45.2","192.168.45.4","IPv4","1514","Fragmented IP protocol (proto=UDP 17, off=0, ID=e213)"
"1152","13.628971000","192.168.45.2","192.168.45.4","IPv4","1514","Fragmented IP protocol (proto=UDP 17, off=0, ID=e214)"
"1153","13.641330000","192.168.45.2","192.168.45.4","IPv4","1514","Fragmented IP protocol (proto=UDP 17, off=0, ID=e215)"
"1154","13.653699000","192.168.45.2","192.168.45.4","IPv4","1514","Fragmented IP protocol (proto=UDP 17, off=0, ID=e216)"
"1155","13.666051000","192.168.45.2","192.168.45.4","IPv4","1514","Fragmented IP protocol (proto=UDP 17, off=0, ID=e217)"
"1156","13.671666000","192.168.45.2","192.168.45.4","UDP","652","58010  >  54002  Len=610"
"1157","13.683535000","192.168.45.2","192.168.45.4","IPv4","1514","Fragmented IP protocol (proto=UDP 17, off=0, ID=e219)"
"1158","13.695889000","192.168.45.2","192.168.45.4","IPv4","1514","Fragmented IP protocol (proto=UDP 17, off=0, ID=e21a)"
"1159","13.708252000","192.168.45.2","192.168.45.4","IPv4","1514","Fragmented IP protocol (proto=UDP 17, off=0, ID=e21b)"
"1160","13.720600000","192.168.45.2","192.168.45.4","IPv4","1514","Fragmented IP protocol (proto=UDP 17, off=0, ID=e21c)"
"1161","13.732983000","192.168.45.2","192.168.45.4","IPv4","1514","Fragmented IP protocol (proto=UDP 17, off=0, ID=e21d)"
"1162","13.745329000","192.168.45.2","192.168.45.4","IPv4","1514","Fragmented IP protocol (proto=UDP 17, off=0, ID=e21e)"
"1163","13.757694000","192.168.45.2","192.168.45.4","IPv4","1514","Fragmented IP protocol (proto=UDP 17, off=0, ID=e21f)"
"1164","13.770044000","192.168.45.2","192.168.45.4","IPv4","1514","Fragmented IP protocol (proto=UDP 17, off=0, ID=e220)"
"1165","13.782403000","192.168.45.2","192.168.45.4","IPv4","1514","Fragmented IP protocol (proto=UDP 17, off=0, ID=e221)"
"1166","13.794764000","192.168.45.2","192.168.45.4","IPv4","1514","Fragmented IP protocol (proto=UDP 17, off=0, ID=e222)"
"1167","13.807120000","192.168.45.2","192.168.45.4","IPv4","1514","Fragmented IP protocol (proto=UDP 17, off=0, ID=e223)"
"1168","13.819481000","192.168.45.2","192.168.45.4","IPv4","1514","Fragmented IP protocol (proto=UDP 17, off=0, ID=e224)"
"1169","13.825543000","192.168.45.2","192.168.45.4","UDP","709","58010  >  54002  Len=667"
"1170","13.837409000","192.168.45.2","192.168.45.4","IPv4","1514","Fragmented IP protocol (proto=UDP 17, off=0, ID=e226)"
"1171","13.849769000","192.168.45.2","192.168.45.4","IPv4","1514","Fragmented IP protocol (proto=UDP 17, off=0, ID=e227)"
"1172","13.862130000","192.168.45.2","192.168.45.4","IPv4","1514","Fragmented IP protocol (proto=UDP 17, off=0, ID=e228)"
"1173","13.874483000","192.168.45.2","192.168.45.4","IPv4","1514","Fragmented IP protocol (proto=UDP 17, off=0, ID=e229)"
"1174","13.886845000","192.168.45.2","192.168.45.4","IPv4","1514","Fragmented IP protocol (proto=UDP 17, off=0, ID=e22a)"
"1175","13.899204000","192.168.45.2","192.168.45.4","IPv4","1514","Fragmented IP protocol (proto=UDP 17, off=0, ID=e22b)"
"1176","13.911563000","192.168.45.2","192.168.45.4","IPv4","1514","Fragmented IP protocol (proto=UDP 17, off=0, ID=e22c)"
"1177","13.923919000","192.168.45.2","192.168.45.4","IPv4","1514","Fragmented IP protocol (proto=UDP 17, off=0, ID=e22d)"
"1178","13.936280000","192.168.45.2","192.168.45.4","IPv4","1514","Fragmented IP protocol (proto=UDP 17, off=0, ID=e22e)"
"1179","13.948640000","192.168.45.2","192.168.45.4","IPv4","1514","Fragmented IP protocol (proto=UDP 17, off=0, ID=e22f)"
"1180","13.960987000","192.168.45.2","192.168.45.4","IPv4","1514","Fragmented IP protocol (proto=UDP 17, off=0, ID=e230)"
"1181","13.962062000","192.168.45.2","192.168.45.4","UDP","70","58010  >  54002  Len=28"
"1182","13.973951000","192.168.45.2","192.168.45.4","IPv4","1514","Fragmented IP protocol (proto=UDP 17, off=0, ID=e232)"
"1183","13.986290000","192.168.45.2","192.168.45.4","IPv4","1514","Fragmented IP protocol (proto=UDP 17, off=0, ID=e233)"
"1184","13.998655000","192.168.45.2","192.168.45.4","IPv4","1514","Fragmented IP protocol (proto=UDP 17, off=0, ID=e234)"
"1185","14.011012000","192.168.45.2","192.168.45.4","IPv4","1514","Fragmented IP protocol (proto=UDP 17, off=0, ID=e235)"
"1186","14.023370000","192.168.45.2","192.168.45.4","IPv4","1514","Fragmented IP protocol (proto=UDP 17, off=0, ID=e236)"
"1187","14.035718000","192.168.45.2","192.168.45.4","IPv4","1514","Fragmented IP protocol (proto=UDP 17, off=0, ID=e237)"
"1188","14.048084000","192.168.45.2","192.168.45.4","IPv4","1514","Fragmented IP protocol (proto=UDP 17, off=0, ID=e238)"
"1189","14.060439000","192.168.45.2","192.168.45.4","IPv4","1514","Fragmented IP protocol (proto=UDP 17, off=0, ID=e239)"
"1190","14.072805000","192.168.45.2","192.168.45.4","IPv4","1514","Fragmented IP protocol (proto=UDP 17, off=0, ID=e23a)"
"1191","14.085163000","192.168.45.2","192.168.45.4","IPv4","1514","Fragmented IP protocol (proto=UDP 17, off=0, ID=e23b)"
"1192","14.097535000","192.168.45.2","192.168.45.4","IPv4","1514","Fragmented IP protocol (proto=UDP 17, off=0, ID=e23c)"
"1193","14.109885000","192.168.45.2","192.168.45.4","IPv4","1514","Fragmented IP protocol (proto=UDP 17, off=0, ID=e23d)"
"1194","14.115788000","192.168.45.2","192.168.45.4","UDP","689","58010  >  54002  Len=647"
"1233","14.579558000","192.168.45.2","192.168.45.4","IPv4","1514","Fragmented IP protocol (proto=UDP 17, off=0, ID=e265)"
"1234","14.591903000","192.168.45.2","192.168.45.4","IPv4","1514","Fragmented IP protocol (proto=UDP 17, off=0, ID=e266)"
"1235","14.604258000","192.168.45.2","192.168.45.4","IPv4","1514","Fragmented IP protocol (proto=UDP 17, off=0, ID=e267)"
"1236","14.616619000","192.168.45.2","192.168.45.4","IPv4","1514","Fragmented IP protocol (proto=UDP 17, off=0, ID=e268)"
"1237","14.628979000","192.168.45.2","192.168.45.4","IPv4","1514","Fragmented IP protocol (proto=UDP 17, off=0, ID=e269)"
"1238","14.641340000","192.168.45.2","192.168.45.4","IPv4","1514","Fragmented IP protocol (proto=UDP 17, off=0, ID=e26a)"
"1239","14.653693000","192.168.45.2","192.168.45.4","IPv4","1514","Fragmented IP protocol (proto=UDP 17, off=0, ID=e26b)"
"1240","14.666053000","192.168.45.2","192.168.45.4","IPv4","1514","Fragmented IP protocol (proto=UDP 17, off=0, ID=e26c)"
"1241","14.678413000","192.168.45.2","192.168.45.4","IPv4","1514","Fragmented IP protocol (proto=UDP 17, off=0, ID=e26d)"
"1242","14.690774000","192.168.45.2","192.168.45.4","IPv4","1514","Fragmented IP protocol (proto=UDP 17, off=0, ID=e26e)"
"1243","14.703133000","192.168.45.2","192.168.45.4","IPv4","1514","Fragmented IP protocol (proto=UDP 17, off=0, ID=e26f)"
"1244","14.715488000","192.168.45.2","192.168.45.4","IPv4","1514","Fragmented IP protocol (proto=UDP 17, off=0, ID=e270)"
"1245","14.724787000","192.168.45.2","192.168.45.4","UDP","1122","58010  >  54002  Len=1080"
"1246","14.736649000","192.168.45.2","192.168.45.4","IPv4","1514","Fragmented IP protocol (proto=UDP 17, off=0, ID=e272)"
"1247","14.749003000","192.168.45.2","192.168.45.4","IPv4","1514","Fragmented IP protocol (proto=UDP 17, off=0, ID=e273)"
"1248","14.761363000","192.168.45.2","192.168.45.4","IPv4","1514","Fragmented IP protocol (proto=UDP 17, off=0, ID=e274)"
"1249","14.773724000","192.168.45.2","192.168.45.4","IPv4","1514","Fragmented IP protocol (proto=UDP 17, off=0, ID=e275)"
"1250","14.786088000","192.168.45.2","192.168.45.4","IPv4","1514","Fragmented IP protocol (proto=UDP 17, off=0, ID=e276)"
"1251","14.798448000","192.168.45.2","192.168.45.4","IPv4","1514","Fragmented IP protocol (proto=UDP 17, off=0, ID=e277)"
"1252","14.810797000","192.168.45.2","192.168.45.4","IPv4","1514","Fragmented IP protocol (proto=UDP 17, off=0, ID=e278)"
"1253","14.823158000","192.168.45.2","192.168.45.4","IPv4","1514","Fragmented IP protocol (proto=UDP 17, off=0, ID=e279)"
"1254","14.835518000","192.168.45.2","192.168.45.4","IPv4","1514","Fragmented IP protocol (proto=UDP 17, off=0, ID=e27a)"
"1255","14.847880000","192.168.45.2","192.168.45.4","IPv4","1514","Fragmented IP protocol (proto=UDP 17, off=0, ID=e27b)"
"1256","14.860233000","192.168.45.2","192.168.45.4","IPv4","1514","Fragmented IP protocol (proto=UDP 17, off=0, ID=e27c)"
"1257","14.861945000","192.168.45.2","192.168.45.4","UDP","153","58010  >  54002  Len=111"
"1258","14.873818000","192.168.45.2","192.168.45.4","IPv4","1514","Fragmented IP protocol (proto=UDP 17, off=0, ID=e27e)"
"1259","14.886177000","192.168.45.2","192.168.45.4","IPv4","1514","Fragmented IP protocol (proto=UDP 17, off=0, ID=e27f)"
"1260","14.898538000","192.168.45.2","192.168.45.4","IPv4","1514","Fragmented IP protocol (proto=UDP 17, off=0, ID=e280)"
"1261","14.910900000","192.168.45.2","192.168.45.4","IPv4","1514","Fragmented IP protocol (proto=UDP 17, off=0, ID=e281)"
"1262","14.923260000","192.168.45.2","192.168.45.4","IPv4","1514","Fragmented IP protocol (proto=UDP 17, off=0, ID=e282)"
"1263","14.935612000","192.168.45.2","192.168.45.4","IPv4","1514","Fragmented IP protocol (proto=UDP 17, off=0, ID=e283)"
"1264","14.947969000","192.168.45.2","192.168.45.4","IPv4","1514","Fragmented IP protocol (proto=UDP 17, off=0, ID=e284)"
"1265","14.960339000","192.168.45.2","192.168.45.4","IPv4","1514","Fragmented IP protocol (proto=UDP 17, off=0, ID=e285)"
"1266","14.972694000","192.168.45.2","192.168.45.4","IPv4","1514","Fragmented IP protocol (proto=UDP 17, off=0, ID=e286)"
"1267","14.985044000","192.168.45.2","192.168.45.4","IPv4","1514","Fragmented IP protocol (proto=UDP 17, off=0, ID=e287)"
"1268","14.997410000","192.168.45.2","192.168.45.4","IPv4","1514","Fragmented IP protocol (proto=UDP 17, off=0, ID=e288)"
"1269","15.009772000","192.168.45.2","192.168.45.4","IPv4","1514","Fragmented IP protocol (proto=UDP 17, off=0, ID=e289)"
"1270","15.019165000","192.168.45.2","192.168.45.4","UDP","1135","58010  >  54002  Len=1093"
"1284","15.189895000","192.168.45.2","192.168.45.4","IPv4","1514","Fragmented IP protocol (proto=UDP 17, off=0, ID=e298)"
"1285","15.202251000","192.168.45.2","192.168.45.4","IPv4","1514","Fragmented IP protocol (proto=UDP 17, off=0, ID=e299)"
"1286","15.214610000","192.168.45.2","192.168.45.4","IPv4","1514","Fragmented IP protocol (proto=UDP 17, off=0, ID=e29a)"
"1287","15.226970000","192.168.45.2","192.168.45.4","IPv4","1514","Fragmented IP protocol (proto=UDP 17, off=0, ID=e29b)"
"1288","15.239330000","192.168.45.2","192.168.45.4","IPv4","1514","Fragmented IP protocol (proto=UDP 17, off=0, ID=e29c)"
"1289","15.251684000","192.168.45.2","192.168.45.4","IPv4","1514","Fragmented IP protocol (proto=UDP 17, off=0, ID=e29d)"
"1290","15.264045000","192.168.45.2","192.168.45.4","IPv4","1514","Fragmented IP protocol (proto=UDP 17, off=0, ID=e29e)"
"1291","15.276405000","192.168.45.2","192.168.45.4","IPv4","1514","Fragmented IP protocol (proto=UDP 17, off=0, ID=e29f)"
"1292","15.288766000","192.168.45.2","192.168.45.4","IPv4","1514","Fragmented IP protocol (proto=UDP 17, off=0, ID=e2a0)"
"1293","15.301125000","192.168.45.2","192.168.45.4","IPv4","1514","Fragmented IP protocol (proto=UDP 17, off=0, ID=e2a1)"
"1294","15.303573000","192.168.45.2","192.168.45.4","UDP","247","58010  >  54002  Len=205"
"1364","16.130668000","192.168.45.2","192.168.45.4","IPv4","1514","Fragmented IP protocol (proto=UDP 17, off=0, ID=e2e8)"
"1365","16.143028000","192.168.45.2","192.168.45.4","IPv4","1514","Fragmented IP protocol (proto=UDP 17, off=0, ID=e2e9)"
"1366","16.155384000","192.168.45.2","192.168.45.4","IPv4","1514","Fragmented IP protocol (proto=UDP 17, off=0, ID=e2ea)"
"1367","16.167743000","192.168.45.2","192.168.45.4","IPv4","1514","Fragmented IP protocol (proto=UDP 17, off=0, ID=e2eb)"
"1368","16.180102000","192.168.45.2","192.168.45.4","IPv4","1514","Fragmented IP protocol (proto=UDP 17, off=0, ID=e2ec)"
"1369","16.192463000","192.168.45.2","192.168.45.4","IPv4","1514","Fragmented IP protocol (proto=UDP 17, off=0, ID=e2ed)"
"1370","16.204819000","192.168.45.2","192.168.45.4","IPv4","1514","Fragmented IP protocol (proto=UDP 17, off=0, ID=e2ee)"
"1371","16.217170000","192.168.45.2","192.168.45.4","IPv4","1514","Fragmented IP protocol (proto=UDP 17, off=0, ID=e2ef)"
"1372","16.229540000","192.168.45.2","192.168.45.4","IPv4","1514","Fragmented IP protocol (proto=UDP 17, off=0, ID=e2f0)"
"1373","16.241892000","192.168.45.2","192.168.45.4","IPv4","1514","Fragmented IP protocol (proto=UDP 17, off=0, ID=e2f1)"
"1374","16.250958000","192.168.45.2","192.168.45.4","UDP","1092","58010  >  54002  Len=1050"
"1404","16.614813000","192.168.45.2","192.168.45.4","IPv4","1514","Fragmented IP protocol (proto=UDP 17, off=0, ID=e310)"
"1405","16.627170000","192.168.45.2","192.168.45.4","IPv4","1514","Fragmented IP protocol (proto=UDP 17, off=0, ID=e311)"
"1406","16.639532000","192.168.45.2","192.168.45.4","IPv4","1514","Fragmented IP protocol (proto=UDP 17, off=0, ID=e312)"
"1407","16.651890000","192.168.45.2","192.168.45.4","IPv4","1514","Fragmented IP protocol (proto=UDP 17, off=0, ID=e313)"
"1408","16.664247000","192.168.45.2","192.168.45.4","IPv4","1514","Fragmented IP protocol (proto=UDP 17, off=0, ID=e314)"
"1409","16.676607000","192.168.45.2","192.168.45.4","IPv4","1514","Fragmented IP protocol (proto=UDP 17, off=0, ID=e315)"
"1410","16.688967000","192.168.45.2","192.168.45.4","IPv4","1514","Fragmented IP protocol (proto=UDP 17, off=0, ID=e316)"
"1411","16.701327000","192.168.45.2","192.168.45.4","IPv4","1514","Fragmented IP protocol (proto=UDP 17, off=0, ID=e317)"
"1412","16.713681000","192.168.45.2","192.168.45.4","IPv4","1514","Fragmented IP protocol (proto=UDP 17, off=0, ID=e318)"
"1413","16.726031000","192.168.45.2","192.168.45.4","IPv4","1514","Fragmented IP protocol (proto=UDP 17, off=0, ID=e319)"
"1414","16.738420000","192.168.45.2","192.168.45.4","IPv4","1514","Fragmented IP protocol (proto=UDP 17, off=0, ID=e31a)"
"1415","16.750758000","192.168.45.2","192.168.45.4","IPv4","1514","Fragmented IP protocol (proto=UDP 17, off=0, ID=e31b)"
"1416","16.761551000","192.168.45.2","192.168.45.4","UDP","1314","58010  >  54002  Len=1272"
"1443","17.091345000","192.168.45.2","192.168.45.4","IPv4","1514","Fragmented IP protocol (proto=UDP 17, off=0, ID=e337)"
"1444","17.103704000","192.168.45.2","192.168.45.4","IPv4","1514","Fragmented IP protocol (proto=UDP 17, off=0, ID=e338)"
"1445","17.116063000","192.168.45.2","192.168.45.4","IPv4","1514","Fragmented IP protocol (proto=UDP 17, off=0, ID=e339)"
"1446","17.128425000","192.168.45.2","192.168.45.4","IPv4","1514","Fragmented IP protocol (proto=UDP 17, off=0, ID=e33a)"
"1447","17.140785000","192.168.45.2","192.168.45.4","IPv4","1514","Fragmented IP protocol (proto=UDP 17, off=0, ID=e33b)"
"1448","17.153140000","192.168.45.2","192.168.45.4","IPv4","1514","Fragmented IP protocol (proto=UDP 17, off=0, ID=e33c)"
"1449","17.165500000","192.168.45.2","192.168.45.4","IPv4","1514","Fragmented IP protocol (proto=UDP 17, off=0, ID=e33d)"
"1450","17.177858000","192.168.45.2","192.168.45.4","IPv4","1514","Fragmented IP protocol (proto=UDP 17, off=0, ID=e33e)"
"1451","17.190220000","192.168.45.2","192.168.45.4","IPv4","1514","Fragmented IP protocol (proto=UDP 17, off=0, ID=e33f)"
"1452","17.202576000","192.168.45.2","192.168.45.4","IPv4","1514","Fragmented IP protocol (proto=UDP 17, off=0, ID=e340)"
"1453","17.210405000","192.168.45.2","192.168.45.4","UDP","935","58010  >  54002  Len=893"
